Agent Name,Agent Company,Price,Address Line 1,Address Line 2,Bedrooms,Bathrooms,Parking,Floor Space
Shakira Jaisingh-Fluitsma,Chisholm & Gamon Elwood,$495 weekly,"7/46 Ormond Esplanade,",ELWOOD VIC 3184,1 Bed,1 Bath,1 Parking,N/A
HouseSmart Property Management Department,HouseSmart Real Estate Pty Ltd,$550 per week,"4K/45 King George Street,",VICTORIA PARK WA 6100,2 Beds,1 Bath,1 Parking,N/A
Chloe Conway,Performance Asset Management Melbourne,$470.00 per week,"16 Ellis Street,",FLORA HILL VIC 3550,3 Beds,1 Bath,2 Parking,N/A
N/A,N/A,N/A,N/A,N/A,N/A,N/A,N/A,N/A
Certainty  Property Vic,Certainty Property,$270,"11 McCulloch Drive,",MELTON SOUTH VIC 3338,1 Bed,1 Bath,− Parking,N/A
Kim Te,Motion Property,$610 Per Week,"801/5 Joseph Road,",FOOTSCRAY VIC 3011,2 Beds,2 Baths,1 Parking,N/A
Danielle Ryan,The Core Advisory Team VIC,$750pw,"13/299 Dandenong Road,",PRAHRAN VIC 3181,2 Beds,1 Bath,1 Parking,N/A
Certainty  Property Vic,Certainty Property,$200,"2 Caspian Court,",NEWBOROUGH VIC 3825,1 Bed,1 Bath,− Parking,N/A
Prasheeta Kuver,Wilson Glen Eira PTY LTD,$320 per week,"6/23 Bendigo Avenue,",ELWOOD VIC 3184,1 Bed,1 Bath,− Parking,N/A
Certainty  Property Vic,Certainty Property,$450,"114 Anniversary Avenue,",WYNDHAM VALE VIC 3024,4 Beds,2 Baths,2 Parking,N/A
N/A,N/A,N/A,N/A,N/A,N/A,N/A,N/A,N/A
Liam Mulligan,BigginScott Richmond,$365 weekly,"3/19 Bendigo St,",COLLINGWOOD VIC 3066,1 Bed,1 Bath,1 Parking,N/A
Shakira Jaisingh-Fluitsma,Chisholm & Gamon Elwood,$495 weekly,"7/46 Ormond Esplanade,",ELWOOD VIC 3184,1 Bed,1 Bath,1 Parking,N/A
Certainty  Property Vic,Certainty Property,$275,"16 Astral Walk,",WOLLERT VIC 3750,1 Bed,1 Bath,− Parking,N/A
N/A,N/A,N/A,N/A,N/A,N/A,N/A,N/A,N/A
Certainty  Property Vic,Certainty Property,$240,"6 Songlark Street,",MELTON SOUTH VIC 3338,1 Bed,1 Bath,− Parking,N/A
Kim Te,Motion Property,$590 per week,"1002/1 Joseph Road,",FOOTSCRAY VIC 3011,2 Beds,2 Baths,1 Parking,N/A
Evelyne Surja,Kay & Burton Stonnington,$1695 Per Week,"2 Rathmines Street,",TOORAK VIC 3142,3 Beds,2 Baths,2 Parking,N/A
Certainty  Property Vic,Certainty Property,$250,"17 Oakhill Terrace,",CHURCHILL VIC 3842,1 Bed,1 Bath,1 Parking,N/A
Casey Blaine,N/A,FULLY FURNISHED $430 PER WEEK,"3/8 Dale St,",KENNINGTON VIC 3550,1 Bed,1 Bath,1 Parking,N/A
Brandon Antrim,N/A,"$1,100.00","24 Bendigo Street,",COLLINGWOOD VIC 3066,3 Beds,1 Bath,− Parking,N/A
Casey Blaine,N/A,FULLY FURNISHED - $420 PER WEEK,"5/8 Dale St,",KENNINGTON VIC 3550,1 Bed,1 Bath,1 Parking,N/A
,N/A,$620 Per Week Fully Furnished,"167C Upper California Gully Road,",CALIFORNIA GULLY VIC 3556,3 Beds,2 Baths,2 Parking,N/A
,N/A,$480 Per Week,"7 View Street,",KANGAROO FLAT VIC 3555,4 Beds,1 Bath,2 Parking,N/A
,N/A,$580,"21 Manchado Street,",TARNEIT VIC 3029,4 Beds,2 Baths,2 Parking,N/A
,N/A,$360 Per Week,"3/323 View Street,",BENDIGO VIC 3550,2 Beds,1 Bath,1 Parking,N/A
N/A,N/A,N/A,N/A,N/A,N/A,N/A,N/A,N/A
,N/A,$600 Per week Fully Furnished,"3/19 Patrick Street,",EAST BENDIGO VIC 3550,2 Beds,1 Bath,1 Parking,N/A
,N/A,$380 per week,"2/44 Beischer Street,",EAST BENDIGO VIC 3550,2 Beds,1 Bath,1 Parking,N/A
,N/A,$550 Per Week,"444 Napier Street,",WHITE HILLS VIC 3550,4 Beds,2 Baths,2 Parking,465m²
,N/A,$430 Per Week,"205 Queen Street,",BENDIGO VIC 3550,2 Beds,1 Bath,− Parking,N/A
,N/A,$430 Per Week,"3 Commins Place,",FLORA HILL VIC 3550,3 Beds,2 Baths,1 Parking,N/A
,N/A,$700 Per Week,"102 Wattle Street,",BENDIGO VIC 3550,3 Beds,3 Baths,2 Parking,N/A
N/A,N/A,N/A,N/A,N/A,N/A,N/A,N/A,N/A
,N/A,$500 Per Week,"2 Eucalyptus Street,",JACKASS FLAT VIC 3556,4 Beds,2 Baths,2 Parking,N/A
,N/A,$350 Per Week,"2/9 Reception Avenue,",STRATHDALE VIC 3550,2 Beds,1 Bath,1 Parking,N/A
,N/A,$680 Per Week,"96 Bendigo Street,",PRAHRAN VIC 3181,3 Beds,1 Bath,− Parking,N/A
N/A,N/A,N/A,N/A,N/A,N/A,N/A,N/A,N/A
,N/A,$240,"63 Pintail Drive,",MELTON SOUTH VIC 3338,1 Bed,1 Bath,− Parking,N/A
,N/A,$250,"8 Jacobena Road,",MELTON SOUTH VIC 3338,1 Bed,1 Bath,− Parking,N/A
,N/A,$730 Parkside living Highspeed unlimited WiFi PetFriendly,"224/109 Manningham St,",PARKVILLE VIC 3052,1 Bed,1 Bath,1 Parking,N/A
,N/A,$665 Parkside living Highspeed unlimited WiFi PetFriendly,"225/109 Manningham St,",PARKVILLE VIC 3052,2 Beds,2 Baths,1 Parking,N/A
,N/A,$750 per week Parkside living Highspeed unlimited WiFi PetFriendly,"403/109 Manningham St,",PARKVILLE VIC 3052,2 Beds,2 Baths,1 Parking,N/A
,N/A,$950 Parkside living Highspeed unlimited WiFi PetFriendly,"607/109 109 Manningham St,",PARKVILLE VIC 3052,2 Beds,2 Baths,1 Parking,N/A
,N/A,$670 Parkside living Highspeed unlimited WiFi PetFriendly,"121 109 Manningham St,",PARKVILLE VIC 3052,1 Bed,1 Bath,1 Parking,N/A
$595 - $596 per week,,$595 - $596 per week,"33 Currong Street,",REID ACT 2612,2 Beds,1 Bath,1 Parking,N/A
,N/A,$510 per week,"207/6 Leicester Street,",CARLTON VIC 3053,1 Bed,1 Bath,− Parking,N/A
,N/A,$450 per week,"Unit 1113/6 Leicester St,",CARLTON VIC 3053,1 Bed,1 Bath,− Parking,N/A
,N/A,$725 per week,"3/462 Como Parade West,",MORDIALLOC VIC 3195,2 Beds,2 Baths,1 Parking,N/A
N/A,N/A,N/A,N/A,N/A,N/A,N/A,N/A,N/A
,N/A,$250 per week,N/A,WILLIAMSTOWN VIC 3016,6 Beds,3 Baths,− Parking,N/A
,N/A,$700.00,"505/300 Swanston Street,",MELBOURNE VIC 3000,2 Beds,1 Bath,1 Parking,N/A
,N/A,$670 per week,"30 Healey Drive,",EPPING VIC 3076,5 Beds,2 Baths,8 Parking,500m²
,N/A,$950 Per Week,"7/398 Elgar Road,",BOX HILL VIC 3128,4 Beds,4 Baths,1 Parking,N/A
,N/A,$600,"204/150 Great Eastern Highway,",ASCOT WA 6104,1 Bed,1 Bath,1 Parking,N/A
,N/A,$650 Per Week,"7/2-8 Palmerston Street,",ST JAMES WA 6102,3 Beds,1 Bath,1 Parking,N/A
N/A,N/A,N/A,N/A,N/A,N/A,N/A,N/A,N/A
,N/A,$510.00,"6 Morrow Road,",GISBORNE VIC 3437,3 Beds,1 Bath,3 Parking,N/A
,N/A,$700 weekly,"3 Timor Cl,",BURWOOD VIC 3125,3 Beds,2 Baths,2 Parking,N/A
,N/A,$400 per week,"115 Violet Street,",BENDIGO VIC 3550,3 Beds,1 Bath,− Parking,N/A
N/A,N/A,N/A,N/A,N/A,N/A,N/A,N/A,N/A
,N/A,$780 per week,"5/48 Oxley Rd,",HAWTHORN VIC 3122,3 Beds,2 Baths,2 Parking,N/A
,N/A,$350 weekly,"6/21 John Street,",KANGAROO FLAT VIC 3555,1 Bed,1 Bath,1 Parking,N/A
,N/A,$355 per week,"239/386 Burwood Highway,",BURWOOD VIC 3125,1 Bed,1 Bath,− Parking,N/A
,N/A,$500 per week,"45 Jobs Gully Road,",EAGLEHAWK VIC 3556,4 Beds,2 Baths,1 Parking,N/A
,N/A,$850 weekly,"2004/103 South Wharf Drive,",DOCKLANDS VIC 3008,2 Beds,2 Baths,1 Parking,N/A
,N/A,$490 weekly,"34 Soldatos Drive,",GOLDEN SQUARE VIC 3555,3 Beds,2 Baths,2 Parking,N/A
,N/A,$400 weekly,"3/15 Tallis Street,",NORLANE VIC 3214,2 Beds,2 Baths,1 Parking,N/A
,N/A,$500.00,"2/42 Raleigh Road,",MARIBYRNONG VIC 3032,2 Beds,1 Bath,1 Parking,N/A
,N/A,$470.00 per week,"18 Owen Street,",KENNINGTON VIC 3550,3 Beds,1 Bath,− Parking,N/A
,N/A,$550,"21 Fifth Avenue,",ALTONA NORTH VIC 3025,3 Beds,1 Bath,1 Parking,N/A
,N/A,$650.00 per week - Fully Furnished,"81 Baxter St,",BENDIGO VIC 3550,3 Beds,1 Bath,− Parking,N/A
N/A,N/A,N/A,N/A,N/A,N/A,N/A,N/A,N/A
,N/A,$400.00 per week,"1 Denovan Street,",EAST BENDIGO VIC 3550,3 Beds,1 Bath,1 Parking,N/A
,N/A,$560.00,"805/408 Spencer Street,",WEST MELBOURNE VIC 3003,1 Bed,1 Bath,− Parking,N/A
,N/A,$490 weekly,"22 Condon St,",KENNINGTON VIC 3550,3 Beds,1 Bath,1 Parking,N/A
,N/A,$750.00 per week,N/A,MELBOURNE VIC 3000,2 Beds,2 Baths,− Parking,N/A
,N/A,$635 per week,"4 Lakewood Drive,",KENNINGTON VIC 3550,3 Beds,2 Baths,2 Parking,N/A
,N/A,$575.00 per week,"41 Railway Place,",GOORNONG VIC 3557,3 Beds,2 Baths,2 Parking,N/A
N/A,N/A,N/A,N/A,N/A,N/A,N/A,N/A,N/A
,N/A,$430.00,"1406/557-561 Little Lonsdale Street,",MELBOURNE VIC 3000,1 Bed,1 Bath,− Parking,N/A
,N/A,$380 weekly,"1 Syncline Ct,",LONG GULLY VIC 3550,3 Beds,1 Bath,2 Parking,N/A
,N/A,$345 per week,"117/386 Burwood Highway,",BURWOOD VIC 3125,1 Bed,1 Bath,− Parking,N/A
N/A,N/A,N/A,N/A,N/A,N/A,N/A,N/A,N/A
,N/A,$590 per week,"32 Golconda Avenue,",FRANKSTON VIC 3199,3 Beds,1 Bath,2 Parking,N/A
,N/A,$380 PER WEEK,"313 King Street,",BENDIGO VIC 3550,2 Beds,1 Bath,2 Parking,N/A
,N/A,$380 per week,"6/406 Lower Heidelberg Road,",EAGLEMONT VIC 3084,1 Bed,1 Bath,1 Parking,100m²
,N/A,$700.00,"35/174 Peel Street,",WINDSOR VIC 3181,2 Beds,2 Baths,1 Parking,N/A
,N/A,$590 per week,"8 Tynong Street,",CROYDON VIC 3136,3 Beds,1 Bath,1 Parking,877m²
,N/A,$500,"4 Waugh Street,",ROCKBANK VIC 3335,4 Beds,2 Baths,2 Parking,N/A
,N/A,$995,"122A Sussex Street,",EAST VICTORIA PARK WA 6101,4 Beds,2 Baths,2 Parking,N/A
,N/A,$450.00 per week,"5/3 Ryan Street,",NORTH BENDIGO VIC 3550,2 Beds,1 Bath,1 Parking,N/A
,N/A,$600 per week,"6 Athena Way,",STRATHFIELDSAYE VIC 3551,5 Beds,2 Baths,2 Parking,N/A
,N/A,$600 per week,"24 Jarrod Drive,",MCKENZIE HILL VIC 3451,4 Beds,2 Baths,2 Parking,N/A
,N/A,$480,"8 Chorley Street,",STRATHTULLOH VIC 3338,4 Beds,2 Baths,1 Parking,N/A
N/A,N/A,N/A,N/A,N/A,N/A,N/A,N/A,N/A
,N/A,$510 per week,"7 Waler Street,",AINTREE VIC 3336,3 Beds,2 Baths,2 Parking,N/A
,N/A,$470.00 per week,"4 The Terrace,",KENNINGTON VIC 3550,3 Beds,1 Bath,1 Parking,N/A
,N/A,$750 per week,"178 Nicholson St,",BRUNSWICK EAST VIC 3057,2 Beds,1 Bath,1 Parking,247m²
,N/A,$680 per week,"10/8 Riversdale Road,",BURSWOOD WA 6100,1 Bed,1 Bath,1 Parking,N/A
,N/A,$450 weekly,"601/150 Dudley St,",WEST MELBOURNE VIC 3003,− 0 Beds,1 Bath,1 Parking,N/A
,N/A,$450 per week,"58 Broadway,",ELWOOD VIC 3184,1 Bed,1 Bath,− Parking,N/A
N/A,N/A,N/A,N/A,N/A,N/A,N/A,N/A,N/A
,N/A,$650 per week,"512/668 Swanston Street,",CARLTON VIC 3053,1 Bed,1 Bath,1 Parking,N/A
,N/A,$550 per week,"4a Canrobert Street,",NEWSTEAD VIC 3462,3 Beds,2 Baths,2 Parking,N/A
,N/A,$450 per week,"7B Wirth Street,",FLORA HILL VIC 3550,3 Beds,2 Baths,2 Parking,216m²
N/A,N/A,N/A,N/A,N/A,N/A,N/A,N/A,N/A
,N/A,$650 Per Week,"4 Crawley Court,",VIEWBANK VIC 3084,3 Beds,2 Baths,2 Parking,N/A
,N/A,$490 per week,"37 Sunset Boulevard,",JACANA VIC 3047,3 Beds,1 Bath,− Parking,639m²
,N/A,$750,"77 Hemingway Drive,",ROCKBANK VIC 3335,5 Beds,5 Baths,2 Parking,N/A
,N/A,$640 PER WEEK,"2 Wigan Close,",WOLLERT VIC 3750,4 Beds,2 Baths,4 Parking,N/A
,N/A,$420.00 per week,"477 High Street,",GOLDEN SQUARE VIC 3555,3 Beds,1 Bath,− Parking,"1,012m²"
,N/A,$480 weekly,"2/8 Martin St,",GOLDEN GULLY VIC 3555,4 Beds,2 Baths,2 Parking,N/A
,N/A,$520 weekly,"58 Whirrakee Parade,",HUNTLY VIC 3551,4 Beds,2 Baths,2 Parking,N/A
,N/A,$385.00 per week,"2/46 Mackenzie St West,",GOLDEN SQUARE VIC 3555,2 Beds,1 Bath,1 Parking,N/A
,N/A,$590 weekly,"107/19 Irving Ave,",BOX HILL VIC 3128,2 Beds,1 Bath,1 Parking,N/A
,N/A,Under Application - Deposit Taken,"1301/557 Little Lonsdale St,",MELBOURNE VIC 3000,1 Bed,1 Bath,− Parking,N/A
,N/A,$580 weekly,"5/59 Tooronga Rd,",MALVERN EAST VIC 3145,2 Beds,1 Bath,1 Parking,"1,091m²"
N/A,N/A,N/A,N/A,N/A,N/A,N/A,N/A,N/A
,N/A,$430 PER WEEK,"5 Marshall Street,",KENNINGTON VIC 3550,3 Beds,1 Bath,1 Parking,N/A
,N/A,$520,"106/501-503 Plenty Road,",PRESTON VIC 3072,2 Beds,2 Baths,1 Parking,N/A
,N/A,$580,"15/163 Hubert Street,",EAST VICTORIA PARK WA 6101,2 Beds,1 Bath,1 Parking,N/A
,N/A,$550,"4 Henderson Drive,",TARNEIT VIC 3029,4 Beds,2 Baths,2 Parking,N/A
,N/A,"$580.00 per week $2,520.00 per month",".20 Kosa Avenue,",SUNSHINE WEST VIC 3020,3 Beds,2 Baths,2 Parking,N/A
,N/A,$350 per week,"222 High Street,",HEATHCOTE VIC 3523,2 Beds,1 Bath,4 Parking,N/A
N/A,N/A,N/A,N/A,N/A,N/A,N/A,N/A,N/A
,N/A,$425 per week,"14 Ebden Street,",HEATHCOTE VIC 3523,3 Beds,1 Bath,3 Parking,N/A
,N/A,$700.00 per week incl. pool servicing & gardener,"8 Northmoor Drive,",STRATHDALE VIC 3550,4 Beds,2 Baths,2 Parking,N/A
,N/A,$800 per week,"70 Cobram Drive,",EYNESBURY VIC 3338,5 Beds,3 Baths,2 Parking,N/A
N/A,N/A,N/A,N/A,N/A,N/A,N/A,N/A,N/A
,N/A,$430.00 per week,"3 Walls Street,",EAGLEHAWK VIC 3556,3 Beds,1 Bath,2 Parking,N/A
,N/A,$465 per week,"1/381 Middleborough Road,",BOX HILL VIC 3128,2 Beds,1 Bath,− Parking,N/A
,N/A,$460,"1610/6 Leicester Street,",CARLTON VIC 3053,1 Bed,1 Bath,− Parking,N/A
,N/A,$525 PER WEEK,"7 Dylana Court,",KANGAROO FLAT VIC 3555,3 Beds,2 Baths,2 Parking,N/A
,N/A,"$1,075 weekly","42 Fairview Rd,",MOUNT WAVERLEY VIC 3149,5 Beds,2 Baths,2 Parking,N/A
,N/A,$580pw /$2520pcm,"20 Bent Street,",BUNDOORA VIC 3083,4 Beds,1 Bath,1 Parking,N/A
,N/A,$600 per week,"723 Midland Highway,",HUNTLY VIC 3551,5 Beds,2 Baths,2 Parking,N/A
,N/A,$975 per week,"506/1 Dank Street West,",PORT MELBOURNE VIC 3207,3 Beds,1 Bath,2 Parking,N/A
,N/A,$650 weekly,"79 Ardmillan Rd,",MOONEE PONDS VIC 3039,3 Beds,1 Bath,2 Parking,N/A
,N/A,Under Application - Deposit Taken,"1302/557 Little Lonsdale St,",MELBOURNE VIC 3000,1 Bed,1 Bath,− Parking,N/A
,N/A,$520 per week,"6 McClellans Crescent,",ARGYLE VIC 3523,4 Beds,1 Bath,4 Parking,N/A
N/A,N/A,N/A,N/A,N/A,N/A,N/A,N/A,N/A
,N/A,6 Month Lease - $550 per week,"5718 Calder Highway,",KANGAROO FLAT VIC 3555,4 Beds,2 Baths,3 Parking,1.42ha
,N/A,Under Application,"133 Nelson Rd,",BOX HILL NORTH VIC 3129,3 Beds,1 Bath,2 Parking,N/A
,N/A,$650 PW,"11 Bangalay Place,",POINT COOK VIC 3030,4 Beds,2 Baths,2 Parking,572m²
,N/A,$530 per week,"701/6 Leicester Street,",CARLTON VIC 3053,2 Beds,1 Bath,− Parking,N/A
,N/A,$445 weekly,"19 Willan Street,",EAGLEHAWK VIC 3556,3 Beds,1 Bath,1 Parking,N/A
,N/A,$500,"9 Kerala Street,",ROCKBANK VIC 3335,4 Beds,2 Baths,1 Parking,N/A
N/A,N/A,N/A,N/A,N/A,N/A,N/A,N/A,N/A
,N/A,$480 per week,"817 18-28 Albert Street,",FOOTSCRAY VIC 3011,2 Beds,1 Bath,1 Parking,N/A
,N/A,"$3,500 per week","28 Janelle Way,",OCEAN GROVE VIC 3226,3 Beds,2 Baths,4 Parking,600m²
,N/A,$510,"46 Bluebottle Parade,",ROCKBANK VIC 3335,4 Beds,2 Baths,2 Parking,N/A
N/A,N/A,N/A,N/A,N/A,N/A,N/A,N/A,N/A
,N/A,$335 per week,"235/386 Burwood Highway,",BURWOOD VIC 3125,1 Bed,1 Bath,− Parking,N/A
,N/A,$500 weekly,"10 Heysen Way,",HUNTLY VIC 3551,3 Beds,2 Baths,2 Parking,N/A
,N/A,$570 per week,"2508/31 A'Beckett St,",MELBOURNE VIC 3000,1 Bed,1 Bath,1 Parking,N/A
,N/A,$550,"15 Westbury Ave,",ROCKBANK VIC 3335,5 Beds,2 Baths,2 Parking,512m²
,N/A,FULLY FURNISHED - $750 per week,"9 Rathlin Avenue,",JUNORTOUN VIC 3551,3 Beds,2 Baths,2 Parking,N/A
,N/A,$500 per week,"19-23 Marnie Road,",KENNINGTON VIC 3550,4 Beds,1 Bath,2 Parking,N/A
,N/A,Under Application - Deposit Taken,"702/845-851 Whitehorse Rd,",BOX HILL VIC 3128,3 Beds,2 Baths,1 Parking,N/A
,N/A,$750 - Large Warehouse-Style Apartment!,"35/1 Flagstaff Lane,",WEST MELBOURNE VIC 3003,2 Beds,2 Baths,1 Parking,N/A
,N/A,$560 weekly,"1006/545 Station St,",BOX HILL VIC 3128,1 Bed,1 Bath,1 Parking,N/A
,N/A,$480,"16 Zoe Street,",ROCKBANK VIC 3335,3 Beds,2 Baths,2 Parking,N/A
,N/A,$590 per week,"409/2 Hallenstein Street,",FOOTSCRAY VIC 3011,2 Beds,2 Baths,1 Parking,N/A
N/A,N/A,N/A,N/A,N/A,N/A,N/A,N/A,N/A
,N/A,$510 per week,"1 Blande Court,",LARA VIC 3212,3 Beds,2 Baths,2 Parking,N/A
,N/A,Contact Agent,"44/145 Canterbury Road,",TOORAK VIC 3142,1 Bed,1 Bath,− Parking,N/A
,N/A,$800.00,"1806/408 Spencer Street,",WEST MELBOURNE VIC 3003,2 Beds,2 Baths,1 Parking,N/A
,N/A,$450,"20 GRAPPENHALL AVENUE,",STRATHTULLOH VIC 3338,4 Beds,2 Baths,2 Parking,N/A
,N/A,$650 weekly,"606/12-14 Nelson Rd,",BOX HILL VIC 3128,2 Beds,2 Baths,1 Parking,N/A
,N/A,335 per week,"130/386 Burwood Highway,",BURWOOD VIC 3125,1 Bed,1 Bath,− Parking,N/A
N/A,N/A,N/A,N/A,N/A,N/A,N/A,N/A,N/A
,N/A,$490.00 per week,"320 Barnard Street,",IRONBARK VIC 3550,4 Beds,2 Baths,2 Parking,N/A
,N/A,$600 per week,N/A,LALOR VIC 3075,3 Beds,1 Bath,2 Parking,N/A
,N/A,$900 weekly,"1086 Settlement Rd,",CLARKEFIELD VIC 3430,4 Beds,2 Baths,2 Parking,"80,500m²"
N/A,N/A,N/A,N/A,N/A,N/A,N/A,N/A,N/A
,N/A,$540.00,"1 Russell Avenue,",WOODEND VIC 3442,3 Beds,1 Bath,3 Parking,N/A
,N/A,$595 per week,"32 Victoria,",PRESTON VIC 3072,2 Beds,1 Bath,2 Parking,165m²
,N/A,$550 weekly,"1 Lexton Rd,",BOX HILL NORTH VIC 3129,3 Beds,1 Bath,2 Parking,N/A
,N/A,$395 per week,"17/92 Grey St,",ST KILDA VIC 3182,− 0 Beds,1 Bath,− Parking,30m²
N/A,N/A,$600 pw,"25 Callanish Street,",TRUGANINA VIC 3029,4 Beds,2 Baths,2 Parking,N/A
,N/A,$530 weekly,"8 Wattle St,",BOX HILL NORTH VIC 3129,3 Beds,1 Bath,2 Parking,N/A
,N/A,$325 per week,N/A,PARK ORCHARDS VIC 3114,6 Beds,3 Baths,3 Parking,"4,298m²"
,N/A,"$1,950 per week","112 Harold St,",MIDDLE PARK VIC 3206,4 Beds,3 Baths,2 Parking,N/A
,N/A,"$1,150 weekly","280A Tucker Rd,",ORMOND VIC 3204,4 Beds,3 Baths,2 Parking,N/A
,N/A,$525.00,"206 Gatehouse Place,",MARIBYRNONG VIC 3032,2 Beds,1 Bath,1 Parking,N/A
,N/A,$630 per week,"2712/500 Elizabeth Street,",MELBOURNE VIC 3000,2 Beds,1 Bath,− Parking,N/A
N/A,N/A,N/A,N/A,N/A,N/A,N/A,N/A,N/A
,N/A,$750 per week,N/A,MOUNT WAVERLEY VIC 3149,3 Beds,3 Baths,1 Parking,N/A
,N/A,$620 pw,"15 Leeward Drive,",TARNEIT VIC 3029,4 Beds,2 Baths,2 Parking,N/A
,N/A,$460.00 per week - Fully Furnished,"1/9A Smith Street,",NORTH BENDIGO VIC 3550,1 Bed,1 Bath,1 Parking,N/A
,N/A,$580 PER WEEK,"7 Lauradan Way,",WOLLERT VIC 3750,4 Beds,2 Baths,2 Parking,N/A
N/A,N/A,$510 pw,"41 Holman Crescent,",BACCHUS MARSH VIC 3340,4 Beds,2 Baths,2 Parking,N/A
,N/A,$400 weekly,"1 Dyason Ct,",LONG GULLY VIC 3550,3 Beds,1 Bath,− Parking,N/A
N/A,N/A,N/A,N/A,N/A,N/A,N/A,N/A,N/A
,N/A,$445.00,"43 Railway Street,",KANGAROO FLAT VIC 3555,2 Beds,1 Bath,1 Parking,N/A
,N/A,$475 per week.,"3A Fountain Street,",MALDON VIC 3463,2 Beds,1 Bath,− Parking,N/A
,N/A,$525,"G11/110 Roberts Street,",WEST FOOTSCRAY VIC 3012,2 Beds,2 Baths,1 Parking,N/A
N/A,N/A,N/A,N/A,N/A,N/A,N/A,N/A,N/A
,N/A,$550 per week,"11 Carina Court,",POINT COOK VIC 3030,4 Beds,2 Baths,− Parking,N/A
,N/A,$400 per week,"2 Truscott Avenue,",CALIFORNIA GULLY VIC 3556,3 Beds,1 Bath,2 Parking,N/A
,N/A,$210 weekly,"1/133 Raleigh Road,",MARIBYRNONG VIC 3032,1 Bed,1 Bath,− Parking,N/A
,N/A,$445 per week,"7/1 Fiona Court,",ST KILDA VIC 3182,1 Bed,1 Bath,1 Parking,N/A
,N/A,$500 weekly,"2 Ascot Ct,",NORTH BENDIGO VIC 3550,3 Beds,2 Baths,2 Parking,N/A
,N/A,$800 per week,"1/5 Jaguar Dr,",CLAYTON VIC 3168,4 Beds,3 Baths,2 Parking,N/A
,N/A,$650 per week Unfurnished,"1 Tuckett Street,",ALPHINGTON VIC 3078,3 Beds,1 Bath,2 Parking,N/A
,N/A,$670 per week,"205/8 Sutherland Street,",MELBOURNE VIC 3000,2 Beds,2 Baths,− Parking,N/A
,N/A,"$450.00 per Week $1,955.00","39 Shillings Road,",MAMBOURIN VIC 3024,3 Beds,2 Baths,2 Parking,N/A
,N/A,$500.00 Per Week,"971a Albany Highway,",EAST VICTORIA PARK WA 6101,1 Bed,1 Bath,2 Parking,N/A
,N/A,"$1,395 per week","21A Peel St,",KEW VIC 3101,4 Beds,3 Baths,2 Parking,380m²
N/A,N/A,N/A,N/A,N/A,N/A,N/A,N/A,N/A
,N/A,"$420 per week $1,825.00","24 Hensbergh Place,",SUNSHINE WEST VIC 3020,1 Bed,1 Bath,1 Parking,N/A
,N/A,$620 PER WEEK,"11 Blunsdon Road,",WOLLERT VIC 3750,4 Beds,2 Baths,2 Parking,N/A
,N/A,$460.00 Per Week,"21 Nivea Street,",MAMBOURIN VIC 3024,3 Beds,2 Baths,2 Parking,N/A
,N/A,$600,"2 Ranni Place,",BONNIE BROOK VIC 3335,4 Beds,2 Baths,3 Parking,428m²
,N/A,$700 weekly,"9 Glenview Rd,",DONCASTER EAST VIC 3109,3 Beds,2 Baths,2 Parking,N/A
,N/A,$530 per week,"54 SOLITUDE CRESCENT,",POINT COOK VIC 3030,4 Beds,2 Baths,2 Parking,N/A
N/A,N/A,N/A,N/A,N/A,N/A,N/A,N/A,N/A
,N/A,$740.00,"1307/408 Spencer Street,",WEST MELBOURNE VIC 3003,2 Beds,1 Bath,− Parking,N/A
,N/A,$780 per week,"2011/371 Little Lonsdale Street,",MELBOURNE VIC 3000,2 Beds,2 Baths,− Parking,N/A
,N/A,$800.00,"902/408 Spencer Street,",WEST MELBOURNE VIC 3003,2 Beds,2 Baths,− Parking,N/A
N/A,N/A,N/A,N/A,N/A,N/A,N/A,N/A,N/A
,N/A,$650 per week,"1102/555 Swanston Street,",CARLTON VIC 3053,2 Beds,2 Baths,− Parking,N/A
,N/A,$650 per week Fully Furnished,"1/4A Ruth Street,",GOLDEN SQUARE VIC 3555,3 Beds,1 Bath,2 Parking,N/A
,N/A,$420 Per Week,"345B High Street,",KANGAROO FLAT VIC 3555,3 Beds,2 Baths,2 Parking,N/A
,N/A,$750.00,"309/408 Spencer Street,",WEST MELBOURNE VIC 3003,2 Beds,2 Baths,1 Parking,N/A
,N/A,$600,"14B Kinlock Avenue,",FERNDALE WA 6148,3 Beds,1 Bath,3 Parking,N/A
,N/A,$520,"22 Driftwood Street,",AINTREE VIC 3336,4 Beds,2 Baths,2 Parking,N/A
,N/A,"$1,550 per week","201/1 Wallace Avenue,",TOORAK VIC 3142,2 Beds,2 Baths,2 Parking,N/A
,N/A,$165,"Room 5/32 - 34 Churchill Avenue,",FLORA HILL VIC 3550,1 Bed,1 Bath,1 Parking,N/A
,N/A,$550,"G11/110 Roberts Street,",WEST FOOTSCRAY VIC 3012,2 Beds,2 Baths,1 Parking,N/A
,N/A,$550.00 per week - Fully Furnished,"158 Mitchell Street,",QUARRY HILL VIC 3550,2 Beds,1 Bath,1 Parking,N/A
,N/A,$550 per week,"10/949 Albany Highway,",EAST VICTORIA PARK WA 6101,2 Beds,1 Bath,1 Parking,N/A
N/A,N/A,N/A,N/A,N/A,N/A,N/A,N/A,N/A
,N/A,$585 per week,"10/135 Fitzroy Street,",ST KILDA VIC 3182,2 Beds,1 Bath,1 Parking,N/A
,N/A,$460 Per Week,"10 Hunter Street,",GOLDEN SQUARE VIC 3555,3 Beds,1 Bath,1 Parking,550m²
,N/A,$650.00,"1707/408 Spencer Street,",WEST MELBOURNE VIC 3003,2 Beds,1 Bath,− Parking,N/A
,N/A,$640 per week,"20 Teak Street,",CAULFIELD VIC 3162,3 Beds,1 Bath,− Parking,318m²
,N/A,$900.00,"1903/408 Spencer Street,",WEST MELBOURNE VIC 3003,2 Beds,2 Baths,1 Parking,N/A
,N/A,Contact Agent,N/A,FAWKNER VIC 3060,2 Beds,2 Baths,2 Parking,153m²
N/A,N/A,N/A,N/A,N/A,N/A,N/A,N/A,N/A
,N/A,$995 per week,"34 Bird Avenue,",NORTHCOTE VIC 3070,4 Beds,2 Baths,2 Parking,N/A
,N/A,$660.00,"1104/408 Spencer Street,",WEST MELBOURNE VIC 3003,2 Beds,1 Bath,− Parking,N/A
,N/A,$780,"2609/545 Station Street,",BOX HILL VIC 3128,2 Beds,2 Baths,1 Parking,N/A
N/A,N/A,N/A,N/A,N/A,N/A,N/A,N/A,N/A
,N/A,$600 pw,"12 Clay Crescent,",ROCKBANK VIC 3335,5 Beds,3 Baths,2 Parking,N/A
,N/A,$790.00,"1002/408 Spencer Street,",WEST MELBOURNE VIC 3003,2 Beds,2 Baths,− Parking,N/A
,N/A,$600 per week,N/A,COBURG VIC 3058,2 Beds,1 Bath,− Parking,N/A
,N/A,$600,"30 Mainview Boulevard,",TRUGANINA VIC 3029,4 Beds,2 Baths,2 Parking,N/A
,N/A,$570 per week Unfurnished Inc. bill,"2/510 Station Street,",BOX HILL VIC 3128,3 Beds,1 Bath,2 Parking,N/A
,N/A,$290 per week,"41 Gillard St,",BURWOOD VIC 3125,1 Bed,1 Bath,− Parking,N/A
,N/A,$1000 Per Week,"6203/138 Spencer Street,",MELBOURNE VIC 3004,2 Beds,2 Baths,− Parking,N/A
,N/A,$720 per week,"2206/639 Lonsdale Street,",MELBOURNE VIC 3000,2 Beds,2 Baths,− Parking,N/A
,N/A,$440 per week,"230 Gordon St,",FOOTSCRAY VIC 3011,3 Beds,1 Bath,2 Parking,N/A
,N/A,$675 p.w,"23 Liege Avenue,",NOBLE PARK VIC 3174,3 Beds,2 Baths,1 Parking,N/A
,N/A,$430 Per Week,"40 Lowndes Street,",KENNINGTON VIC 3550,3 Beds,1 Bath,1 Parking,N/A
N/A,N/A,N/A,N/A,N/A,N/A,N/A,N/A,N/A
,N/A,$650 weekly,"1510/828 Whitehorse Rd,",BOX HILL VIC 3128,2 Beds,2 Baths,1 Parking,N/A
,N/A,$550,"6 Garner Grove,",ROCKBANK VIC 3335,4 Beds,2 Baths,2 Parking,N/A
,N/A,$510,"19 HARWICH STREET,",ROCKBANK VIC 3335,4 Beds,2 Baths,2 Parking,N/A
,N/A,$800 weekly,"10 Canara St,",DONCASTER EAST VIC 3109,4 Beds,2 Baths,4 Parking,N/A
,N/A,$550,"11 Jobs Road,",ROCKBANK VIC 3335,4 Beds,2 Baths,2 Parking,N/A
,N/A,$700 weekly,"503/10 Wominjeka Walk,",WEST MELBOURNE VIC 3003,2 Beds,2 Baths,1 Parking,N/A
N/A,N/A,N/A,N/A,N/A,N/A,N/A,N/A,N/A
,N/A,$450 Per Week FULLY FURNISHED,"10/23 Hallam Street,",QUARRY HILL VIC 3550,2 Beds,1 Bath,1 Parking,100m²
,N/A,$510,"9 Delhi Grove,",ROCKBANK VIC 3335,4 Beds,2 Baths,1 Parking,N/A
,N/A,$720 per week,"4912/33 ROSE Lane,",MELBOURNE VIC 3000,2 Beds,2 Baths,− Parking,N/A
N/A,N/A,N/A,N/A,N/A,N/A,N/A,N/A,N/A
,N/A,$615 pw,"1 Coopworth Way,",ROCKBANK VIC 3335,4 Beds,3 Baths,2 Parking,N/A
,N/A,$680 pw,"76 McKinley Drive,",TRUGANINA VIC 3029,4 Beds,4 Baths,2 Parking,N/A
,N/A,$520 pw,"28 Tamworth Drive,",ROCKBANK VIC 3335,4 Beds,2 Baths,2 Parking,N/A
,N/A,Contact Agent,N/A,FAWKNER VIC 3060,4 Beds,2 Baths,− Parking,220m²
,N/A,$480 pw,"42 Sedate Drive,",ROCKBANK VIC 3335,3 Beds,2 Baths,2 Parking,N/A
,N/A,$500 pw,"23 Delhi Grove,",ROCKBANK VIC 3335,4 Beds,2 Baths,2 Parking,N/A
,N/A,$500 Per Week,"2007/288 Spencer Street,",MELBOURNE VIC 3000,1 Bed,1 Bath,− Parking,N/A
,N/A,$640 per week,"1/84 Broadway,",ELWOOD VIC 3184,2 Beds,1 Bath,− Parking,N/A
,N/A,"$1,100 per week","3/7A Osburn Ave,",BALWYN NORTH VIC 3104,4 Beds,3 Baths,1 Parking,N/A
,N/A,$570.00 per week - Fully Furnished,"56 Myers Street,",BENDIGO VIC 3550,3 Beds,2 Baths,− Parking,N/A
,N/A,$600.00 per week - Fully Furnished,"17 Rodney St,",QUARRY HILL VIC 3550,3 Beds,1 Bath,1 Parking,N/A
N/A,N/A,N/A,N/A,N/A,N/A,N/A,N/A,N/A
,N/A,$580 Per Week Fully Furnished,"13/83-87 Arnold Street,",BENDIGO VIC 3550,2 Beds,2 Baths,2 Parking,N/A
,N/A,$600.00,"108/408 Spencer Street,",WEST MELBOURNE VIC 3003,1 Bed,1 Bath,− Parking,N/A
,N/A,$950 per week,"3 Marmara,",ELSTERNWICK VIC 3185,3 Beds,1 Bath,3 Parking,N/A
,N/A,$690 per week,"81 Bent Street,",MOONEE PONDS VIC 3039,2 Beds,1 Bath,3 Parking,N/A
,N/A,$290 per week,"95 Carinish Road,",CLAYTON VIC 3168,− 0 Beds,1 Bath,− Parking,N/A
,N/A,$560 Per Week FULLY FURNISHED,"107 Casey Street,",EAST BENDIGO VIC 3550,3 Beds,1 Bath,1 Parking,N/A
N/A,N/A,N/A,N/A,N/A,N/A,N/A,N/A,N/A
,N/A,Contact Agent,"892 Hampton st,",BRIGHTON VIC 3186,3 Beds,1 Bath,3 Parking,659m²
,N/A,$635 PER WEEK FULLY FURNISHED,"80 Vine Street,",BENDIGO VIC 3550,3 Beds,2 Baths,1 Parking,N/A
,N/A,$320 pw,"1/53 Bobs Street,",WHITE HILLS VIC 3550,2 Beds,1 Bath,1 Parking,N/A
N/A,N/A,N/A,N/A,N/A,N/A,N/A,N/A,N/A
,N/A,$400 per week,"6/8 Clarke Street,",KENNINGTON VIC 3550,N/A,N/A,N/A,N/A
,N/A,$750 per week,"5C McIvor Court,",KENNINGTON VIC 3550,3 Beds,2 Baths,2 Parking,N/A
,N/A,$55 Per Week,"200 Spencer Street,",MELBOURNE VIC 3004,− 0 Beds,− 0 Baths,1 Parking,N/A
,N/A,$580.00 per week - Fully Furnished,"103/2 Queen Street,",BENDIGO VIC 3550,2 Beds,1 Bath,− Parking,N/A
,N/A,$550 per week,"8/380 Inkerman Street,",ST KILDA VIC 3182,1 Bed,1 Bath,1 Parking,N/A
,N/A,$630 per week,"10 Alfred Street,",BEAUMARIS VIC 3193,3 Beds,1 Bath,1 Parking,N/A
,N/A,$620 PER WEEK FULLY FURNISHED,"1/20 Oneill Street,",NORTH BENDIGO VIC 3550,3 Beds,2 Baths,1 Parking,N/A
,N/A,$640.00 PER WEEK FULLY FURNISHED,"81 Averys Road,",JACKASS FLAT VIC 3556,3 Beds,1 Bath,1 Parking,N/A
,N/A,$680.00 PER WEEK FULLY FURNISHED,"2 Pitt Street,",BENDIGO VIC 3550,3 Beds,2 Baths,2 Parking,N/A
,N/A,Contact Agent,"290 Maribyrnong Road,",MOONEE PONDS VIC 3039,4 Beds,1 Bath,− Parking,N/A
,N/A,Contact Agent,N/A,FAWKNER VIC 3060,2 Beds,2 Baths,2 Parking,N/A
N/A,N/A,N/A,N/A,N/A,N/A,N/A,N/A,N/A
,N/A,$580,"1/50 Elder Street,",WATSONIA VIC 3087,3 Beds,2 Baths,1 Parking,N/A
,N/A,$780.00 per week - Fully Furnished,"2/23 View Point,",BENDIGO VIC 3550,2 Beds,2 Baths,1 Parking,N/A
,N/A,$680 per week,"41 Drought Street,",BENDIGO VIC 3550,3 Beds,2 Baths,4 Parking,N/A
,N/A,$820 Per Week,"228 View Street,",BENDIGO VIC 3550,3 Beds,3 Baths,2 Parking,N/A
,N/A,$560.00 per week - Fully Furnished,"1/65 McIvor Rd,",BENDIGO VIC 3550,2 Beds,1 Bath,1 Parking,N/A
,N/A,$430.00 per week - Fully Furnished,"568 Hargreaves Street,",BENDIGO VIC 3550,1 Bed,1 Bath,1 Parking,309m²
N/A,N/A,N/A,N/A,N/A,N/A,N/A,N/A,N/A
,N/A,$580.00 per week - Fully Furnished,"105 Lucan Street,",BENDIGO VIC 3550,2 Beds,1 Bath,2 Parking,N/A
,N/A,$660.00 per week - Fully Furnished,"13 Ucres Way,",GOLDEN SQUARE VIC 3555,3 Beds,2 Baths,2 Parking,N/A
,N/A,$470 per week - Fully Furnished,"1/164 Neale Street,",FLORA HILL VIC 3550,2 Beds,1 Bath,1 Parking,N/A
N/A,N/A,N/A,N/A,N/A,N/A,N/A,N/A,N/A
,N/A,$670.00 per week - Fully Furnished,"2/19 Creek Street,",BENDIGO VIC 3550,2 Beds,1 Bath,1 Parking,N/A
,N/A,$580 per week,"13 Rosalind Street,",BENDIGO VIC 3550,3 Beds,1 Bath,1 Parking,N/A
,N/A,$650 Per Week,"706/218 A'Beckett Street,",MELBOURNE VIC 3000,2 Beds,1 Bath,1 Parking,N/A
,N/A,$240,"Berth 30/84A River Esplanade,",DOCKLANDS VIC 3008,1 Bed,1 Bath,1 Parking,50m²
,N/A,Under Application,"6/8 Parring Rd,",BALWYN VIC 3103,2 Beds,1 Bath,2 Parking,N/A
,N/A,$800.00 per week - Fully Furnished,"16 Michelsen Street,",NORTH BENDIGO VIC 3550,4 Beds,2 Baths,2 Parking,N/A
,N/A,$560.00 per week - Fully Furnished,"11 Pyke Street,",QUARRY HILL VIC 3550,2 Beds,1 Bath,1 Parking,N/A
,N/A,$600 per week- Fully Furnished,"1 Reef Street,",BENDIGO VIC 3550,3 Beds,1 Bath,1 Parking,N/A
,N/A,$580 per week - Fully Furnished,"51 Gladstone Street,",QUARRY HILL VIC 3550,2 Beds,1 Bath,1 Parking,N/A
,N/A,$630.00 per week - Fully Furnished,"1A Carola Court,",KENNINGTON VIC 3550,3 Beds,2 Baths,1 Parking,N/A
,N/A,$65 pw,"539 St Kilda Road,",MELBOURNE VIC 3004,− 0 Beds,1 Bath,1 Parking,N/A
N/A,N/A,N/A,N/A,N/A,N/A,N/A,N/A,N/A
,N/A,$620 FULLY FURNISHED,"4/17 Bobs Street,",BENDIGO VIC 3550,2 Beds,1 Bath,1 Parking,N/A
,N/A,$750 Fully Furnished,"7 Langley Drive,",EPSOM VIC 3551,4 Beds,2 Baths,2 Parking,N/A
,N/A,$810 Fully Furnished,"2/60A Honeysuckle Street,",IRONBARK VIC 3550,3 Beds,2 Baths,2 Parking,N/A
,N/A,$580 - Fully Furnished,"33A Pallett Street,",GOLDEN SQUARE VIC 3555,3 Beds,2 Baths,1 Parking,N/A
,N/A,$550 - Fully Furnished,"2 Miami Crt,",BENDIGO VIC 3550,3 Beds,1 Bath,1 Parking,N/A
,N/A,$240 per month,"Car Space/6 Leicester Street,",CARLTON VIC 3053,1 Bed,1 Bath,1 Parking,N/A
N/A,N/A,N/A,N/A,N/A,N/A,N/A,N/A,N/A
,N/A,$420 - Fully Furnished,"242A Don Street,",BENDIGO VIC 3550,1 Bed,1 Bath,− Parking,N/A
,N/A,$480 P/W,"1 Bed 1 Bath/34 Cowper Street,",FOOTSCRAY VIC 3011,1 Bed,1 Bath,− Parking,N/A
,N/A,Available Now - $600 P/W,"2 Bed 2 Bath/34 Cowper Street,",FOOTSCRAY VIC 3011,2 Beds,2 Baths,− Parking,N/A
N/A,N/A,N/A,N/A,N/A,N/A,N/A,N/A,N/A
,N/A,$650 Fully Furnished,"59 Hopetoun Street,",BENDIGO VIC 3550,3 Beds,1 Bath,1 Parking,N/A
,N/A,$630 Per Week Fully Furnished,"11A Afton Street,",NORTH BENDIGO VIC 3550,3 Beds,2 Baths,1 Parking,N/A
,N/A,$680 - Fully Furnished,"109 Hargreaves Street,",BENDIGO VIC 3550,3 Beds,2 Baths,1 Parking,N/A
,N/A,$520 - Fully Furnished,"5/7-9 View Point,",BENDIGO VIC 3550,2 Beds,1 Bath,− Parking,N/A
,N/A,$450 - Fully Furnished,"4/7-9 View Point,",BENDIGO VIC 3550,1 Bed,1 Bath,− Parking,N/A
,N/A,$700 - Fully Furnished,"3/78 Somerville Street,",FLORA HILL VIC 3550,4 Beds,2 Baths,2 Parking,N/A
,N/A,$700 - Fully Furnished,"3/35 Sternberg Street,",KENNINGTON VIC 3550,3 Beds,2 Baths,2 Parking,N/A
,N/A,$560 - Fully Furnished,"34 Olinda Street,",QUARRY HILL VIC 3550,2 Beds,1 Bath,1 Parking,N/A
,N/A,$790 - Fully Furnished,"106 Mollison Street,",BENDIGO VIC 3550,4 Beds,3 Baths,2 Parking,N/A
,N/A,$650 - Fully Furnished,"18 Anderson Street,",NORTH BENDIGO VIC 3550,3 Beds,2 Baths,1 Parking,N/A
,N/A,$610 Fully Furnished,"1/19 Creek Street,",BENDIGO VIC 3550,2 Beds,2 Baths,1 Parking,N/A
N/A,N/A,N/A,N/A,N/A,N/A,N/A,N/A,N/A
,N/A,$650 Fully Furnished,"101 Queen Street,",BENDIGO VIC 3550,2 Beds,2 Baths,2 Parking,291m²
,N/A,$600 - Fully Furnished,"2/164 Arnold Street,",NORTH BENDIGO VIC 3550,2 Beds,2 Baths,1 Parking,N/A
,N/A,$580 Fully Furnished,"1/164 Arnold Street,",BENDIGO VIC 3550,2 Beds,1 Bath,1 Parking,N/A
,N/A,$570.00 - Fully Furnished,"36 Honeysuckle Street,",BENDIGO VIC 3550,3 Beds,1 Bath,2 Parking,N/A
,N/A,$400 - Fully Furnished,"4/9A Smith. Street,",NORTH BENDIGO VIC 3550,1 Bed,1 Bath,1 Parking,N/A
,N/A,$540 - Fully Furnished,"9B Holt Street,",BENDIGO VIC 3550,2 Beds,2 Baths,1 Parking,N/A
N/A,N/A,N/A,N/A,N/A,N/A,N/A,N/A,N/A
,N/A,$590 - Per Week FULLY FURNISHED,"1/46 Lansell Street,",EAST BENDIGO VIC 3550,2 Beds,1 Bath,1 Parking,N/A
,N/A,$550 - Fully Furnished,"59 Mundy Street,",BENDIGO VIC 3550,2 Beds,1 Bath,− Parking,N/A
,N/A,$560 - Fully Furnished,"21A Smith Street,",NORTH BENDIGO VIC 3550,2 Beds,2 Baths,1 Parking,N/A
N/A,N/A,N/A,N/A,N/A,N/A,N/A,N/A,N/A
,N/A,$850 per week - Fully Furnished,"230 View Street,",BENDIGO VIC 3550,3 Beds,3 Baths,2 Parking,N/A
,N/A,$650 Per Week - Fully Furnished,"2 Ingleton Street,",NORTH BENDIGO VIC 3550,3 Beds,3 Baths,2 Parking,N/A
N/A,N/A,$560 per week,"33 Currong Street South,",REID ACT 2612,2 Beds,1 Bath,1 Parking,"2,497m²"
,N/A,$670 - Fully Furnished,"2 Holt Street,",BENDIGO VIC 3550,3 Beds,2 Baths,1 Parking,N/A
,N/A,$480 - Fully Furnished,"1/113 Bridge Street,",BENDIGO VIC 3550,2 Beds,1 Bath,1 Parking,N/A
,N/A,$660 - Fully Furnished,"2/31 Booth Street,",GOLDEN SQUARE VIC 3555,3 Beds,2 Baths,2 Parking,N/A
,N/A,$570 - Fully Furnished,"22 Murphy Street,",BENDIGO VIC 3550,3 Beds,2 Baths,4 Parking,N/A
,N/A,$780 - Fully Furnished,"84 Sternberg Street,",BENDIGO VIC 3550,4 Beds,2 Baths,3 Parking,N/A
,N/A,$550 - Fully Furnished,"15 Uley Street,",BENDIGO VIC 3550,2 Beds,1 Bath,1 Parking,N/A
,N/A,$500 - Fully Furnished,"3/37 Day Street,",EAST BENDIGO VIC 3550,2 Beds,1 Bath,1 Parking,N/A
,N/A,$650 - Per Week Fully Furnished,"3 Hoskins Street,",QUARRY HILL VIC 3550,2 Beds,2 Baths,1 Parking,N/A
N/A,N/A,N/A,N/A,N/A,N/A,N/A,N/A,N/A
N/A,N/A,$800.00,"6 Hawkins Road,",MONTROSE VIC 3765,5 Beds,2 Baths,− Parking,N/A
N/A,N/A,$480 pw,"3A Ajana Court,",GOLDEN SQUARE VIC 3555,3 Beds,2 Baths,2 Parking,N/A
N/A,N/A,$550/w & Furnished Available Now,"4502/80 A'Beckett Street,",MELBOURNE VIC 3000,1 Bed,1 Bath,− Parking,N/A
N/A,N/A,$595,"804/333 Exhibition Street,",MELBOURNE VIC 3000,1 Bed,1 Bath,− Parking,N/A
N/A,N/A,$550 per week,"18 Milos Court,",FRASER RISE VIC 3336,4 Beds,2 Baths,2 Parking,N/A
N/A,N/A,$450,"10 Mccoy Street,",OMEO VIC 3898,3 Beds,1 Bath,3 Parking,N/A
N/A,N/A,N/A,N/A,N/A,N/A,N/A,N/A,N/A
N/A,N/A,$320,"4/9 Aviary Court,",STRATHDALE VIC 3550,2 Beds,1 Bath,1 Parking,N/A
N/A,N/A,$925/week,"2512/138 Spencer Street,",MELBOURNE VIC 3000,2 Beds,2 Baths,− Parking,N/A
N/A,N/A,$570.00 Per Week,"7 Frederick St,",BENDIGO VIC 3550,5 Beds,2 Baths,− Parking,N/A
N/A,N/A,N/A,N/A,N/A,N/A,N/A,N/A,N/A
N/A,N/A,$570 weekly,"1501/63 Haig St,",SOUTHBANK VIC 3006,2 Beds,1 Bath,1 Parking,N/A
N/A,N/A,$400 per week,"213/80 Cheltenham Road,",DANDENONG VIC 3175,1 Bed,1 Bath,− Parking,N/A
N/A,N/A,$560 weekly,"3 Golden Grove,",GLEN WAVERLEY VIC 3150,4 Beds,1 Bath,1 Parking,N/A
N/A,N/A,$600 PER WEEK,"19 Hurkett St,,",MICKLEHAM VIC 3064,4 Beds,2 Baths,2 Parking,N/A
N/A,N/A,$525.00 per week,"161 Waratah Road,",HUNTLY VIC 3551,4 Beds,2 Baths,2 Parking,N/A
N/A,N/A,$540 per week,"10 Odea Crescent,",KANGAROO FLAT VIC 3555,4 Beds,2 Baths,2 Parking,838m²
N/A,N/A,$500,"20 Cromwell Road,",WERRIBEE VIC 3030,3 Beds,2 Baths,2 Parking,N/A
N/A,N/A,$700.00 per week,"57 Hannans Road,",MANDURANG SOUTH VIC 3551,4 Beds,2 Baths,2 Parking,N/A
N/A,N/A,$480.00 Per Week,"2/25 Albert Street,",EAGLEHAWK VIC 3556,3 Beds,2 Baths,2 Parking,346m²
N/A,N/A,$480,"42 Caviar Court,",HUNTLY VIC 3551,4 Beds,2 Baths,2 Parking,N/A
N/A,N/A,$650,"38 Bendigo Ct,",CRANBOURNE VIC 3977,4 Beds,2 Baths,2 Parking,N/A
N/A,N/A,N/A,N/A,N/A,N/A,N/A,N/A,N/A
N/A,N/A,$460.00 per week,"25 Casey Street,",EAST BENDIGO VIC 3550,3 Beds,2 Baths,− Parking,N/A
N/A,N/A,$480.00 Per Week,"14/14 Wireless Street,",KANGAROO FLAT VIC 3555,3 Beds,2 Baths,− Parking,N/A
N/A,N/A,$420,"1/7 Regan Street,",ST ALBANS VIC 3021,1 Bed,1 Bath,1 Parking,N/A
N/A,N/A,$590.00 Per Week,"60 Blossom Drive,",EPSOM VIC 3551,4 Beds,2 Baths,− Parking,N/A
N/A,N/A,$550 Per Week,"17 Appalachian Street,",TRUGANINA VIC 3029,4 Beds,2 Baths,2 Parking,N/A
N/A,N/A,$ 410 per week,"3 Harney Street,",BENDIGO VIC 3550,3 Beds,1 Bath,1 Parking,N/A
N/A,N/A,N/A,N/A,N/A,N/A,N/A,N/A,N/A
N/A,N/A,$530 per week,"21 Regency Place,",KENNINGTON VIC 3550,3 Beds,2 Baths,3 Parking,N/A
N/A,N/A,$520 per week,"4 Downley Loop,",STRATHTULLOH VIC 3338,4 Beds,2 Baths,2 Parking,N/A
N/A,N/A,$560 per week,"63 Olympic Avenue,",NORLANE VIC 3214,3 Beds,2 Baths,2 Parking,N/A
N/A,N/A,N/A,N/A,N/A,N/A,N/A,N/A,N/A
N/A,N/A,$690 weekly,"40 Barak St,",BULLEEN VIC 3105,4 Beds,2 Baths,2 Parking,N/A
N/A,N/A,$475,"69 Ayesha Avenue,",MELTON SOUTH VIC 3338,3 Beds,2 Baths,2 Parking,N/A
N/A,N/A,$720 per week,"5 Lignum Court,",TEMPLESTOWE LOWER VIC 3107,5 Beds,3 Baths,2 Parking,N/A
N/A,N/A,$560,"51 Greenfield Drive,",EPSOM VIC 3551,4 Beds,2 Baths,2 Parking,N/A
N/A,N/A,$490.00 Per Week,"9 Forest Heights Drive,",KANGAROO FLAT VIC 3555,3 Beds,2 Baths,2 Parking,N/A
N/A,N/A,$480 Per week until March,"1608/500 Elizabeth Street,",MELBOURNE VIC 3000,1 Bed,1 Bath,− Parking,N/A
N/A,N/A,$800 weekly,"49 Cargill St,",VICTORIA PARK WA 6100,3 Beds,2 Baths,2 Parking,N/A
N/A,N/A,$520 weekly,"7 Ekari Court,",YALLAMBIE VIC 3085,3 Beds,1 Bath,3 Parking,N/A
N/A,N/A,$440pw,"1307/53 Batman Street,",WEST MELBOURNE VIC 3003,1 Bed,1 Bath,− Parking,N/A
N/A,N/A,$420 per week,"2/206 Neale Street,",FLORA HILL VIC 3550,2 Beds,1 Bath,1 Parking,N/A
N/A,N/A,$390,"52 Peg Leg Road,",EAGLEHAWK VIC 3556,2 Beds,1 Bath,2 Parking,N/A
N/A,N/A,N/A,N/A,N/A,N/A,N/A,N/A,N/A
N/A,N/A,$530 per week,"120/80 Cheltenham Road,",DANDENONG VIC 3175,2 Beds,2 Baths,1 Parking,N/A
N/A,N/A,$440.00 Per Week,"137 Olympic Parade,",KANGAROO FLAT VIC 3555,3 Beds,1 Bath,1 Parking,N/A
N/A,N/A,$460 weekly,"1/1298 Main Road,",ELTHAM VIC 3095,2 Beds,1 Bath,1 Parking,N/A
N/A,N/A,$500,"3/91 Dianne Avenue,",CRAIGIEBURN VIC 3064,2 Beds,1 Bath,1 Parking,N/A
N/A,N/A,$750 weekly,"3/92 Para Rd,",MONTMORENCY VIC 3094,3 Beds,2 Baths,2 Parking,N/A
N/A,N/A,$650 weekly,"8 Wallagoot Walk,",CARRUM DOWNS VIC 3201,4 Beds,4 Baths,2 Parking,N/A
N/A,N/A,N/A,N/A,N/A,N/A,N/A,N/A,N/A
N/A,N/A,$480 per week,"3/12A Lawson Street,",SPRING GULLY VIC 3550,4 Beds,2 Baths,2 Parking,349m²
N/A,N/A,Contact Agent,N/A,BENDIGO VIC 3550,4 Beds,2 Baths,2 Parking,N/A
N/A,N/A,$480 per week,"3 Wallace Avenue,",FLORA HILL VIC 3550,3 Beds,1 Bath,2 Parking,N/A
N/A,N/A,N/A,N/A,N/A,N/A,N/A,N/A,N/A
N/A,N/A,$430.00 Per Week,"39 Caledonia Street,",NORTH BENDIGO VIC 3550,3 Beds,1 Bath,1 Parking,N/A
N/A,N/A,$530,"4/54 East Esplanade,",ST ALBANS VIC 3021,3 Beds,3 Baths,4 Parking,N/A
N/A,N/A,$550 per week,"1/22 Dearing Avenue,",CRANBOURNE VIC 3977,3 Beds,1 Bath,1 Parking,N/A
N/A,N/A,$620 per week,"708/850 Whitehorse Road,",BOX HILL VIC 3128,2 Beds,1 Bath,1 Parking,N/A
N/A,N/A,$450.00 Per Week,"89 Symonds Street,",GOLDEN SQUARE VIC 3555,4 Beds,1 Bath,2 Parking,794m²
N/A,N/A,$540,"70 Vestige Circuit,",TARNEIT VIC 3029,4 Beds,2 Baths,4 Parking,335m²
N/A,N/A,$410 per week,"122 Osborne Street,",FLORA HILL VIC 3550,3 Beds,1 Bath,3 Parking,N/A
N/A,N/A,$520,"18 Primary Road,",TARNEIT VIC 3029,3 Beds,2 Baths,2 Parking,263m²
N/A,N/A,$520 weekly,"15/44 Mcmaster St,",VICTORIA PARK WA 6100,2 Beds,1 Bath,1 Parking,N/A
N/A,N/A,$550.00 Per Week,"20 Topaz Avenue,",WHITE HILLS VIC 3550,4 Beds,2 Baths,2 Parking,625m²
N/A,N/A,$420.00 Per Week,"14 Cambridge Crescent,",WHITE HILLS VIC 3550,2 Beds,1 Bath,2 Parking,527m²
N/A,N/A,N/A,N/A,N/A,N/A,N/A,N/A,N/A
N/A,N/A,$440.00 Per Week,"8 Spring Gully Road,",QUARRY HILL VIC 3550,3 Beds,2 Baths,1 Parking,N/A
N/A,N/A,Under Application,"9 Sutherland Avenue,",MELTON SOUTH VIC 3338,3 Beds,2 Baths,5 Parking,578m²
N/A,N/A,$920,"11/1781 Malvern Road,",GLEN IRIS VIC 3146,3 Beds,2 Baths,2 Parking,N/A
N/A,N/A,$520,"3 Lindsay Street,",KANGAROO FLAT VIC 3555,3 Beds,2 Baths,3 Parking,N/A
N/A,N/A,$475 per week,"14 McIvor Road,",BENDIGO VIC 3550,3 Beds,1 Bath,2 Parking,N/A
N/A,N/A,$600.00 Per Week,"47 Bursaria St,",JACKASS FLAT VIC 3556,4 Beds,2 Baths,2 Parking,N/A
N/A,N/A,N/A,N/A,N/A,N/A,N/A,N/A,N/A
N/A,N/A,$380.00 per week,"11A Ashley Street,",IRONBARK VIC 3550,2 Beds,1 Bath,1 Parking,N/A
N/A,N/A,$495,"1/17 Church Street,",KANGAROO FLAT VIC 3555,3 Beds,2 Baths,1 Parking,N/A
N/A,N/A,$920 weekly,"3 Young St,",BOX HILL VIC 3128,3 Beds,2 Baths,2 Parking,N/A
N/A,N/A,N/A,N/A,N/A,N/A,N/A,N/A,N/A
N/A,N/A,$480 Per Week,"59 Bronson Circuit,",HOPPERS CROSSING VIC 3029,3 Beds,2 Baths,1 Parking,N/A
N/A,N/A,$500.00 Per Week,"362 Howard Street,",JACKASS FLAT VIC 3556,4 Beds,2 Baths,2 Parking,N/A
N/A,N/A,$500.00 Per Week,"4 Whitelock Drive,",HUNTLY VIC 3551,3 Beds,2 Baths,2 Parking,N/A
N/A,N/A,$500 per week,"28 Prouses Road,",NORTH BENDIGO VIC 3550,3 Beds,2 Baths,− Parking,N/A
N/A,N/A,$420.00 Per Week,"7 Havelock Street,",BENDIGO VIC 3550,3 Beds,1 Bath,2 Parking,N/A
N/A,N/A,Under Application,"11 Gramercy place,",STRATHTULLOH VIC 3338,4 Beds,2 Baths,3 Parking,N/A
N/A,N/A,$520 per week,"27 Pedirka Road,",TRUGANINA VIC 3029,3 Beds,2 Baths,1 Parking,N/A
N/A,N/A,$450.00 Per Week,"3/25 Somerville St,,",FLORA HILL VIC 3550,1 Bed,1 Bath,1 Parking,N/A
N/A,N/A,$580,"10/966 Albany Highway,",EAST VICTORIA PARK WA 6101,1 Bed,1 Bath,1 Parking,N/A
N/A,N/A,$440.00 Per Week,"1/48 Panton Street,",GOLDEN SQUARE VIC 3555,3 Beds,2 Baths,1 Parking,N/A
N/A,N/A,$535 Per Week,"1 Evesham Drive,",POINT COOK VIC 3030,4 Beds,2 Baths,2 Parking,N/A
N/A,N/A,N/A,N/A,N/A,N/A,N/A,N/A,N/A
N/A,N/A,$530.00 per week,"42-46 Shelley Street,",SPRING GULLY VIC 3550,3 Beds,1 Bath,− Parking,N/A
N/A,N/A,$540,"6 Surround Circuit,",BONNIE BROOK VIC 3335,4 Beds,2 Baths,2 Parking,N/A
N/A,N/A,$900.00 PER WEEK,"13 Jackson Road,",KARAWARA WA 6152,4 Beds,2 Baths,2 Parking,N/A
N/A,N/A,$570.00 Per Week,"141 Sawmill Rd,",HUNTLY VIC 3551,4 Beds,2 Baths,2 Parking,N/A
N/A,N/A,$500 Per Week,"79 Wagner Drive,",WERRIBEE VIC 3030,4 Beds,2 Baths,2 Parking,N/A
N/A,N/A,$510 per week,"250 Napier Street,",BENDIGO VIC 3550,4 Beds,2 Baths,2 Parking,N/A
N/A,N/A,N/A,N/A,N/A,N/A,N/A,N/A,N/A
N/A,N/A,$560 Per Week,"71 Starboard Way,",WERRIBEE SOUTH VIC 3030,4 Beds,2 Baths,2 Parking,N/A
N/A,N/A,$650 weekly,"3 Shoreline Cr,",CARRUM DOWNS VIC 3201,4 Beds,2 Baths,2 Parking,N/A
N/A,N/A,$520.00 Per Week,"1/8A Flood Street,",BENDIGO VIC 3550,2 Beds,2 Baths,1 Parking,N/A
N/A,N/A,N/A,N/A,N/A,N/A,N/A,N/A,N/A
N/A,N/A,"$580 Per Week, Including Lawns Mowed","1385 Heatherton Road,",DANDENONG NORTH VIC 3175,3 Beds,1 Bath,2 Parking,590m²
N/A,N/A,$550,"24 Curtin Street,",FLORA HILL VIC 3550,4 Beds,2 Baths,2 Parking,N/A
N/A,N/A,$500 per week,"38 Daisy Street,",HUNTLY VIC 3551,4 Beds,2 Baths,2 Parking,N/A
N/A,N/A,$470 Per Week,"15 Bendigo Drive,",TARNEIT VIC 3029,3 Beds,2 Baths,1 Parking,N/A
N/A,N/A,$870 weekly,"3103/100 Lorimer St,",DOCKLANDS VIC 3008,2 Beds,2 Baths,2 Parking,N/A
N/A,N/A,$610 weekly,"6108/172 Edward St,",BRUNSWICK EAST VIC 3057,2 Beds,2 Baths,1 Parking,N/A
N/A,N/A,$520,"2/29 Vincent Avenue,",ST ALBANS VIC 3021,3 Beds,2 Baths,2 Parking,N/A
N/A,N/A,$620.00 Per Week,"17 Weeks Road,",ASCOT VIC 3551,4 Beds,2 Baths,2 Parking,N/A
N/A,N/A,$495 weekly,"LG 202/45 Linden Avenue,",IVANHOE VIC 3079,1 Bed,1 Bath,1 Parking,N/A
N/A,N/A,$500,"4 Oldaker Road,",HUNTLY VIC 3551,3 Beds,2 Baths,2 Parking,N/A
N/A,N/A,$750,"615C/2 Snedden Drive,",GLEN WAVERLEY VIC 3150,2 Beds,2 Baths,1 Parking,N/A
N/A,N/A,N/A,N/A,N/A,N/A,N/A,N/A,N/A
N/A,N/A,$800 **INSPECTION UPON REQUEST**,"1810/462 Elizabeth Street,",MELBOURNE VIC 3000,2 Beds,2 Baths,− Parking,N/A
N/A,N/A,$205.00 Per Week - Shared Accommodation,"30 Skene Street,",KENNINGTON VIC 3550,1 Bed,1 Bath,1 Parking,N/A
N/A,N/A,$580 per week,"21 Ararat Street,",TARNEIT VIC 3029,4 Beds,2 Baths,2 Parking,N/A
N/A,N/A,$675,"182 Fenton Hill Road,",CLARKEFIELD VIC 3430,4 Beds,1 Bath,5 Parking,N/A
N/A,N/A,$600 Per Week,"1/33 Arcadia Avenue,",HALLAM VIC 3803,3 Beds,2 Baths,1 Parking,N/A
N/A,N/A,$660 Per Week,"30 Bailey Boulevard,",KOO WEE RUP VIC 3981,4 Beds,2 Baths,2 Parking,N/A
N/A,N/A,N/A,N/A,N/A,N/A,N/A,N/A,N/A
N/A,N/A,$780 PW Enquire Now!!,"24 Lantana Road,",AINTREE VIC 3336,5 Beds,3 Baths,2 Parking,N/A
N/A,N/A,$580 per week,"18 Leeward Drive,",TARNEIT VIC 3029,4 Beds,2 Baths,2 Parking,N/A
N/A,N/A,$560 per week,"11 Faircroft Place,",TARNEIT VIC 3029,4 Beds,2 Baths,2 Parking,N/A
N/A,N/A,N/A,N/A,N/A,N/A,N/A,N/A,N/A
N/A,N/A,$530 Per Week,"1/29 Baldwin Avenue,",NOBLE PARK VIC 3174,3 Beds,1 Bath,1 Parking,N/A
N/A,N/A,$650,"14 Wonnangatta CRES,",WEIR VIEWS VIC 3338,5 Beds,2 Baths,2 Parking,N/A
N/A,N/A,$450,"1416/6 Leicester Street,",CARLTON VIC 3053,1 Bed,1 Bath,− Parking,N/A
N/A,N/A,$780 pw,"13 Mountfield Road,",MITCHAM VIC 3132,6 Beds,3 Baths,5 Parking,N/A
N/A,N/A,$620,"2 The Breezewater,",POINT COOK VIC 3030,4 Beds,2 Baths,2 Parking,N/A
N/A,N/A,$795 Per Week,"6 Elizabeth Court,",ROWVILLE VIC 3178,4 Beds,2 Baths,4 Parking,N/A
N/A,N/A,$550,"27 Chilula St,",HUNTLY VIC 3551,4 Beds,2 Baths,2 Parking,N/A
N/A,N/A,$595 Per Week,"31 Ambassador Crescent,",POINT COOK VIC 3030,4 Beds,2 Baths,2 Parking,758m²
N/A,N/A,$550 per week,"18/80 Cheltenham Road,",DANDENONG VIC 3175,2 Beds,2 Baths,1 Parking,N/A
N/A,N/A,$720/week,"146 Lady Nelson Way,",TAYLORS LAKES VIC 3038,5 Beds,3 Baths,2 Parking,N/A
N/A,N/A,$410 weekly,"3/85 Collins Street,",THORNBURY VIC 3071,2 Beds,1 Bath,1 Parking,N/A
N/A,N/A,N/A,N/A,N/A,N/A,N/A,N/A,N/A
N/A,N/A,$870,"32 Trades Hall Place,",CARLTON VIC 3053,3 Beds,2 Baths,1 Parking,160m²
N/A,N/A,$650 Per Week,"97 Festival Drive,",POINT COOK VIC 3030,5 Beds,3 Baths,2 Parking,N/A
N/A,N/A,$500,"43 Chilula St,",HUNTLY VIC 3551,4 Beds,2 Baths,2 Parking,N/A
N/A,N/A,$420 per week,"113 Sternberg Street,",KENNINGTON VIC 3550,3 Beds,1 Bath,2 Parking,N/A
N/A,N/A,$520 per week,"406/6 Leicester Street,",CARLTON VIC 3053,1 Bed,1 Bath,− Parking,N/A
N/A,N/A,$550,"39 Millers Road,",ALTONA VIC 3018,3 Beds,1 Bath,3 Parking,N/A
N/A,N/A,N/A,N/A,N/A,N/A,N/A,N/A,N/A
N/A,N/A,$575/w & Fully Furnished,"104/15 Irving Avenue,",BOX HILL VIC 3128,1 Bed,1 Bath,1 Parking,N/A
N/A,N/A,$440,"917/6 Leicester Street,",CARLTON VIC 3053,1 Bed,1 Bath,− Parking,N/A
N/A,N/A,$580,"9 Kenora Way,",MICKLEHAM VIC 3064,4 Beds,2 Baths,2 Parking,509m²
N/A,N/A,N/A,N/A,N/A,N/A,N/A,N/A,N/A
N/A,N/A,$200.00 Per Week,"2/26 Day Street,",EAST BENDIGO VIC 3550,1 Bed,1 Bath,1 Parking,N/A
N/A,N/A,$470,"1709/6 Leicester Street,",CARLTON VIC 3053,N/A,N/A,N/A,N/A
N/A,N/A,"$1,100 Per Week","20 Koonawarra St,",CLAYTON VIC 3168,5 Beds,3 Baths,2 Parking,N/A
N/A,N/A,$525,"4 Tanby Dr,",HUNTLY VIC 3551,4 Beds,2 Baths,2 Parking,N/A
N/A,N/A,$390 pw,"8 Margaret Crescent,",FLORA HILL VIC 3550,3 Beds,1 Bath,1 Parking,N/A
N/A,N/A,$400.00 Per Week,"4 Springbank Way,",BROOKFIELD VIC 3338,4 Beds,2 Baths,2 Parking,N/A
N/A,N/A,"$1,670","29 Drummond street,",CARLTON VIC 3053,7 Beds,3 Baths,2 Parking,290m²
N/A,N/A,$540,"19 Woolshed Drive,",TRUGANINA VIC 3029,4 Beds,2 Baths,2 Parking,N/A
N/A,N/A,$600 per week,"705/301 King St,",MELBOURNE VIC 3000,1 Bed,1 Bath,− Parking,N/A
N/A,N/A,$630 Per Week,"1/48 Aqueduct Road,",LANGWARRIN VIC 3910,3 Beds,2 Baths,2 Parking,N/A
N/A,N/A,$600 Per Week,"4 Grosset Way,",POINT COOK VIC 3030,4 Beds,3 Baths,2 Parking,N/A
N/A,N/A,N/A,N/A,N/A,N/A,N/A,N/A,N/A
N/A,N/A,$350 pw,"1/48 Baxter Street,",BENDIGO VIC 3550,3 Beds,1 Bath,1 Parking,N/A
N/A,N/A,$650 per week,"7 Bendigo Court,",CRANBOURNE VIC 3977,4 Beds,2 Baths,2 Parking,N/A
N/A,N/A,670 per week,"306/3 Young Street,",BOX HILL VIC 3128,2 Beds,2 Baths,1 Parking,N/A
N/A,N/A,"$1,200",N/A,BENTLEIGH EAST VIC 3165,5 Beds,2 Baths,4 Parking,700m²
N/A,N/A,$80,"7P5/70 Southbank Boulevard,",SOUTHBANK VIC 3006,1 Bed,1 Bath,1 Parking,N/A
N/A,N/A,$280.00 Per Week - Shared Accomm incl utilities,"4 Frederick Street,",BENDIGO VIC 3550,1 Bed,1 Bath,3 Parking,N/A
N/A,N/A,N/A,N/A,N/A,N/A,N/A,N/A,N/A
N/A,N/A,$580 per week *Partially Furnished*,"802/15 Doepel Way,",DOCKLANDS VIC 3008,1 Bed,1 Bath,− Parking,N/A
N/A,N/A,$850 Per Week,"44 Kalbian Drive,",CLYDE NORTH VIC 3978,5 Beds,3 Baths,2 Parking,N/A
N/A,N/A,$200 per week,"1/8 Dodgshun Street,",HOPETOUN VIC 3396,1 Bed,1 Bath,− Parking,N/A
N/A,N/A,N/A,N/A,N/A,N/A,N/A,N/A,N/A
N/A,N/A,$170 Per Week Bills Included,"6/13 Hewat Drive,",HIGHTON VIC 3216,1 Bed,1 Bath,1 Parking,N/A
N/A,N/A,$550,"2 YAMUNA STREET,",TRUGANINA VIC 3029,4 Beds,2 Baths,1 Parking,N/A
N/A,N/A,$520,"22 Huntingfield Street,",THORNHILL PARK VIC 3335,4 Beds,2 Baths,1 Parking,N/A
N/A,N/A,$550,"38 Sadie Avenue,",THORNHILL PARK VIC 3335,4 Beds,2 Baths,1 Parking,N/A
N/A,N/A,$650,"19 Maroa Street,",TARNEIT VIC 3029,4 Beds,3 Baths,2 Parking,N/A
N/A,N/A,$50 per week,"Carpark914/33 Blackwood Street,",NORTH MELBOURNE VIC 3051,− 0 Beds,− 0 Baths,1 Parking,N/A
N/A,N/A,$300 per week,"184 Dorset Road,",BORONIA VIC 3155,1 Bed,1 Bath,− Parking,N/A
N/A,N/A,$60,"Carpark3605/639 Lonsdale Street,",MELBOURNE VIC 3000,− 0 Beds,− 0 Baths,1 Parking,N/A
N/A,N/A,$69 per week,"Carpark224/23 Blackwood Street,",NORTH MELBOURNE VIC 3051,− 0 Beds,− 0 Baths,1 Parking,N/A
N/A,N/A,$60 per week,"Carpark613/33 Blackwood Street,",NORTH MELBOURNE VIC 3051,− 0 Beds,− 0 Baths,1 Parking,N/A
N/A,N/A,$50 per week,"Carpark450/401 Docklands Drive,",DOCKLANDS VIC 3008,− 0 Beds,− 0 Baths,1 Parking,N/A
N/A,N/A,N/A,N/A,N/A,N/A,N/A,N/A,N/A
N/A,N/A,$60 per week,"Carpark2810/81 A'Beckett Street,",MELBOURNE VIC 3000,− 0 Beds,− 0 Baths,1 Parking,N/A
N/A,N/A,$70 per week,"Carpark402/135 A'Beckett Street,",MELBOURNE VIC 3000,− 0 Beds,− 0 Baths,1 Parking,N/A
N/A,N/A,$780,"2B2B/259 Normanby Road,",SOUTHBANK VIC 3006,2 Beds,2 Baths,1 Parking,N/A
N/A,N/A,$550,"7 REEVES STREET,",POINT COOK VIC 3030,4 Beds,3 Baths,2 Parking,N/A
N/A,N/A,LEASED,"253-273 Normanby Road,",SOUTH MELBOURNE VIC 3205,1 Bed,1 Bath,− Parking,N/A
N/A,N/A,$700 pw,"29 Specimen Hill Road,",GOLDEN SQUARE VIC 3555,3 Beds,1 Bath,1 Parking,N/A
N/A,N/A,N/A,N/A,N/A,N/A,N/A,N/A,N/A
N/A,N/A,No Deposit Required or Rent2own,N/A,HUNTLY VIC 3551,4 Beds,2 Baths,2 Parking,600m²
N/A,N/A,No Deposit Required or Rent2own,N/A,STRATHFIELDSAYE VIC 3551,4 Beds,2 Baths,2 Parking,600m²
N/A,N/A,$550,"1B1B/803 Dandenong Road,",MALVERN EAST VIC 3145,1 Bed,1 Bath,1 Parking,N/A
N/A,N/A,N/A,N/A,N/A,N/A,N/A,N/A,N/A
N/A,N/A,$700,"2B2B/803 Dandenong Road,",MALVERN EAST VIC 3145,2 Beds,2 Baths,1 Parking,N/A
N/A,N/A,Rent2own with No Deposit,N/A,GOLDEN POINT VIC 3451,4 Beds,2 Baths,2 Parking,N/A
N/A,N/A,Rent2own,N/A,BENDIGO VIC 3550,4 Beds,2 Baths,2 Parking,582m²
