Agent Name,Agent Company,Price,Address Line 1,Address Line 2,Bedrooms,Bathrooms,Parking,Floor Space,Region,latitude,longitude
,,$410 Per Week,"11 Delungra Avenue,",CLIFTON SPRINGS VIC 3222,3 Beds,1 Bath,1 Parking,586m²,geelong-vic,-38.1565603,144.5812496
,,$295 per week,"3/2A Staverly Road,",HERNE HILL VIC 3218,1 Bed,1 Bath,1 Parking,,geelong-vic,-38.1333163,144.3283064
,,$480 per week,"120 Greaves Street North,",WERRIBEE VIC 3030,3 Beds,2 Baths,1 Parking,,geelong-vic,-37.8915981,144.6414073
,,$420.00,"243 Wilsons Road,",WHITTINGTON VIC 3219,3 Beds,1 Bath,1 Parking,,geelong-vic,-38.1756433,144.3904768
,,$380,"3 Hibiscus Crescent,",NEWCOMB VIC 3219,3 Beds,1 Bath,1 Parking,,geelong-vic,-38.1685562,144.3947693
,,$440 pw,"1/3 Mack Court,",BELMONT VIC 3216,2 Beds,1 Bath,1 Parking,,geelong-vic,-38.1824216,144.3466458
,,$375,"12/10 Fitzroy Street,",GEELONG VIC 3220,1 Bed,1 Bath,1 Parking,,geelong-vic,-38.1529466,144.3695721
,,$495,"5 Cabernet Court,",WAURN PONDS VIC 3216,3 Beds,2 Baths,2 Parking,,geelong-vic,-38.2064486,144.310069
,,$520.00,"6 Orland Circuit,",CHARLEMONT VIC 3217,3 Beds,2 Baths,2 Parking,,geelong-vic,-38.2135675,144.3695719
,,$560.00,"8/242 Ryrie Street,",GEELONG VIC 3220,3 Beds,2 Baths,2 Parking,,geelong-vic,-38.1509156,144.3629767
,,$495.00 per week,"102 Naturaliste Way,",ARMSTRONG CREEK VIC 3217,3 Beds,2 Baths,2 Parking,,geelong-vic,-38.2419448,144.3779959
,,$400,"2/51 Vistula Avenue,",BELL PARK VIC 3215,2 Beds,1 Bath,2 Parking,,geelong-vic,-38.1154116,144.3390282
,,$515,"1 Ryong Street,",GROVEDALE VIC 3216,3 Beds,2 Baths,4 Parking,,geelong-vic,-38.2094992,144.3365132
,,$520.00 per week,"1327 Geelong Road,",MOUNT CLEAR VIC 3350,5 Beds,2 Baths,1 Parking,,geelong-vic,-37.6026609,143.8686287
,,$510 per week,"207/6 Leicester Street,",CARLTON VIC 3053,1 Bed,1 Bath,− Parking,,geelong-vic,-37.802198,144.9607524
,,$300,"4/32-34 Donax Road,",CORIO VIC 3214,1 Bed,1 Bath,1 Parking,,geelong-vic,-38.1014,144.3542
,,$450 per week,"Unit 1113/6 Leicester St,",CARLTON VIC 3053,1 Bed,1 Bath,− Parking,,geelong-vic,-37.8004,144.9684
,,$570 weekly,"36 Thomson Dr,",BARWON HEADS VIC 3227,3 Beds,2 Baths,2 Parking,,geelong-vic,-38.2792222,144.485523
,,$620,"2 Moondara Court,",LEOPOLD VIC 3224,4 Beds,2 Baths,2 Parking,,geelong-vic,-38.1885936,144.4768064
,,590pw,"53 Eminence Street,",MOUNT DUNEED VIC 3217,4 Beds,2 Baths,2 Parking,446m²,geelong-vic,-38.2172337,144.3249039
,,$725 per week,"3/462 Como Parade West,",MORDIALLOC VIC 3195,2 Beds,2 Baths,1 Parking,,geelong-vic,-37.9973332,145.0807967
,,$595 per week,"3/71-75 Pt Lonsdale Road,",POINT LONSDALE VIC 3225,2 Beds,2 Baths,1 Parking,,geelong-vic,-38.2912445,144.6140229
,,$670 per week,"37 Golightly Street,",POINT LONSDALE VIC 3225,3 Beds,2 Baths,2 Parking,520m²,geelong-vic,-38.2829196,144.6069748
,,$500 weekly,"6/10 Grandview Pde,",BARWON HEADS VIC 3227,2 Beds,1 Bath,1 Parking,,geelong-vic,-38.2801286,144.4928703
,,$495.00,"5 Revival Street,",CHARLEMONT VIC 3217,4 Beds,2 Baths,2 Parking,,geelong-vic,-38.2203744,144.3679641
,,$450 per week,"2/16 Nott St,",BELMONT VIC 3216,2 Beds,1 Bath,1 Parking,,geelong-vic,-38.1853131,144.3355166
,,$520.00 per week,"33 Snedden Street,",ARMSTRONG CREEK VIC 3217,3 Beds,2 Baths,2 Parking,,geelong-vic,-38.2299503,144.3621942
,,$825 p/w,"11-19 Clarendon Road,",DRYSDALE VIC 3222,"7,987m²",,,,geelong-vic,-38.1788416,144.579153
,,$430.00 per week,"55 Solar Drive,",WHITTINGTON VIC 3219,3 Beds,1 Bath,2 Parking,571m²,geelong-vic,-38.1808636,144.3946424
,,$550 pw,"7 Sherman Court,",LOVELY BANKS VIC 3213,3 Beds,1 Bath,2 Parking,,geelong-vic,-38.0893104,144.3342784
,,$560.00 per week,"12 Gymea Street,",MOUNT DUNEED VIC 3217,4 Beds,2 Baths,2 Parking,,geelong-vic,-38.2163514,144.3326238
,,***APPLICATIONS CLOSED - UNDER OFFER***,"24 Bolton Street,",ARMSTRONG CREEK VIC 3217,3 Beds,2 Baths,2 Parking,,geelong-vic,-38.2415476,144.3610703
,,$520 Per Week,"60 Woodland Street,",LARA VIC 3212,3 Beds,2 Baths,1 Parking,262m²,geelong-vic,-38.0148155,144.3709647
,,$560.00,"17 Deloraine Street,",ARMSTRONG CREEK VIC 3217,4 Beds,2 Baths,2 Parking,,geelong-vic,-38.2444882,144.3698748
,,$420.00 per week,"9 Ontario Avenue,",CORIO VIC 3214,3 Beds,1 Bath,1 Parking,,geelong-vic,-38.0813705,144.3595154
,,$420.00 per week,"7 Ontario Avenue,",CORIO VIC 3214,3 Beds,1 Bath,3 Parking,,geelong-vic,-38.0814618,144.3594991
,,$520,"3/220 South Valley Road,",HIGHTON VIC 3216,4 Beds,2 Baths,4 Parking,,geelong-vic,-38.1810122,144.3168363
,,$330,"2/104 Isabella Street,",GEELONG WEST VIC 3218,1 Bed,1 Bath,1 Parking,,geelong-vic,-38.1330724,144.3471065
,,$320,"3/13 Norwood Street,",HERNE HILL VIC 3218,1 Bed,1 Bath,1 Parking,,geelong-vic,-38.1382466,144.3243484
,,$470.00 per week,"51 Tranquility Crescent,",ARMSTRONG CREEK VIC 3217,3 Beds,2 Baths,2 Parking,,geelong-vic,-38.2241472,144.3790001
,,$700.00,"505/300 Swanston Street,",MELBOURNE VIC 3000,2 Beds,1 Bath,1 Parking,,geelong-vic,-37.8065731,144.9628193
,,$670 per week,"30 Healey Drive,",EPPING VIC 3076,5 Beds,2 Baths,8 Parking,500m²,geelong-vic,-37.6360961,145.0382555
,,$950 Per Week,"7/398 Elgar Road,",BOX HILL VIC 3128,4 Beds,4 Baths,1 Parking,,geelong-vic,-37.8177032,145.1149333
,,$600,"204/150 Great Eastern Highway,",ASCOT WA 6104,1 Bed,1 Bath,1 Parking,,geelong-vic,-31.9326052,115.9407868
,,$450,"11a/5-13 Oxford Street,",WHITTINGTON VIC 3219,3 Beds,1 Bath,1 Parking,,geelong-vic,-38.1662,144.3943
,,$650 Per Week,"7/2-8 Palmerston Street,",ST JAMES WA 6102,3 Beds,1 Bath,1 Parking,,geelong-vic,1.06911,109.66393
,,$580,"29 Oasis Drive,",MOUNT DUNEED VIC 3217,4 Beds,2 Baths,1 Parking,336m²,geelong-vic,-38.2267292,144.3347633
,,$470.00 per week,"21 Bellarine Hwy,",NEWCOMB VIC 3219,3 Beds,1 Bath,1 Parking,,geelong-vic,-38.1690674,144.3858275
,,$700 weekly,"3 Timor Cl,",BURWOOD VIC 3125,3 Beds,2 Baths,2 Parking,,geelong-vic,-37.843169,145.1065259
,,$600.00 per week,"62 Bose Street,",MOUNT DUNEED VIC 3217,4 Beds,2 Baths,2 Parking,512m²,geelong-vic,-38.2240942,144.3187429
,,$780 per week,"5/48 Oxley Rd,",HAWTHORN VIC 3122,3 Beds,2 Baths,2 Parking,,geelong-vic,-37.824108,145.035345
,,$810.00,"47b The Parade,",OCEAN GROVE VIC 3226,3 Beds,2 Baths,2 Parking,,geelong-vic,-38.2669807,144.5247237
,,$200.00,"Room 1 & 3/14 Resolute Drive,",WAURN PONDS VIC 3216,1 Bed,1 Bath,1 Parking,387m²,geelong-vic,-38.2335,144.3007
,,$340.00 per week,"3/14-16 Hennessy Avenue,",HERNE HILL VIC 3218,1 Bed,1 Bath,− Parking,,geelong-vic,-38.1294891,144.3183916
,,$575 per week,"41 Hoddle Drive,",LEOPOLD VIC 3224,4 Beds,2 Baths,2 Parking,,geelong-vic,-38.1772797,144.4802308
,,$410.00 per week,"1/132 Bonnyvale Road,",OCEAN GROVE VIC 3226,2 Beds,1 Bath,1 Parking,,geelong-vic,-38.2646623,144.5533565
,,$680.00 per week,"15 McLean Street,",TORQUAY VIC 3228,4 Beds,2 Baths,3 Parking,,geelong-vic,-38.3087601,144.3230172
,,$850,"72 James Cook Drive,",WANDANA HEIGHTS VIC 3216,5 Beds,3 Baths,2 Parking,,geelong-vic,-38.1799441,144.3070759
,,$355 per week,"239/386 Burwood Highway,",BURWOOD VIC 3125,1 Bed,1 Bath,− Parking,,geelong-vic,-37.8498,145.119
,,$400 pw,"2/26 Volum Street,",MANIFOLD HEIGHTS VIC 3218,2 Beds,1 Bath,1 Parking,,geelong-vic,-38.1392143,144.3365316
,,$500.00 per week,"164 Sparrovale Road,",CHARLEMONT VIC 3217,3 Beds,2 Baths,2 Parking,,geelong-vic,-38.2075392,144.3725157
,,$490.00 per week,"16 Bligh Street,",CHARLEMONT VIC 3217,3 Beds,2 Baths,2 Parking,275m²,geelong-vic,-38.2124165,144.3707629
,,$525.00,"94 Hope Street,",GEELONG WEST VIC 3218,3 Beds,1 Bath,2 Parking,,geelong-vic,-38.141858,144.3466375
,,$485,"9-11 Burgess Avenue,",ARMSTRONG CREEK VIC 3217,3 Beds,2 Baths,2 Parking,,geelong-vic,-38.2415393,144.3610019
,,$560.00,"58 Pavo Street,",BELMONT VIC 3216,3 Beds,2 Baths,1 Parking,,geelong-vic,-38.1799988,144.328416
,,$850 weekly,"2004/103 South Wharf Drive,",DOCKLANDS VIC 3008,2 Beds,2 Baths,1 Parking,,geelong-vic,-37.8221868,144.9362813
,,$660 per week,"460 Evans Road,",LOVELY BANKS VIC 3213,,,,,geelong-vic,-38.0254315,144.3181955
,,$450.00 per week,"2/75 Swanston Street,",GEELONG VIC 3220,2 Beds,1 Bath,1 Parking,,geelong-vic,-38.1524878,144.3668444
,,$620.00,"14 Blue Mallee Drive,",OCEAN GROVE VIC 3226,4 Beds,2 Baths,2 Parking,,geelong-vic,-38.248119,144.5447105
,,$470,"8 Brownlow Court,",LARA VIC 3212,3 Beds,1 Bath,− Parking,507m²,geelong-vic,-38.0234254,144.4179464
,,$650.00,"23 Ripview Drive,",OCEAN GROVE VIC 3226,4 Beds,2 Baths,2 Parking,,geelong-vic,-38.2500421,144.5644331
,,$480 weekly,"2/15 Tallis Street,",NORLANE VIC 3214,3 Beds,2 Baths,2 Parking,,geelong-vic,-38.0924322,144.3646223
,,$400 weekly,"3/15 Tallis Street,",NORLANE VIC 3214,2 Beds,2 Baths,1 Parking,,geelong-vic,-38.0924322,144.3646223
,,$500 per week,"17/54 Percy Street,",NEWTOWN VIC 3220,2 Beds,1 Bath,1 Parking,,geelong-vic,-38.1575713,144.3416819
,,$500 per week,"4/2 Pevensey Street,",GEELONG VIC 3220,2 Beds,1 Bath,1 Parking,,geelong-vic,-38.1480917,144.3730626
,,$500.00,"2/42 Raleigh Road,",MARIBYRNONG VIC 3032,2 Beds,1 Bath,1 Parking,,geelong-vic,-37.7689479,144.8868552
,,$545.00,"2/92 Darriwill Street,",BELL POST HILL VIC 3215,3 Beds,2 Baths,2 Parking,,geelong-vic,-38.0961218,144.329244
,,$650 pw,"2 McLean Street,",TORQUAY VIC 3228,4 Beds,2 Baths,2 Parking,,geelong-vic,-38.3087601,144.3230172
,,$350,"2/30-32 Atami Crescent,",CORIO VIC 3214,2 Beds,1 Bath,1 Parking,,geelong-vic,-38.0710537,144.3609179
,,$440.00 per week,"55 Asbury Street West,",OCEAN GROVE VIC 3226,3 Beds,1 Bath,1 Parking,,geelong-vic,-38.2624951,144.5142321
,,$300,"5/4-6 Quamby Avenue,",HAMLYN HEIGHTS VIC 3215,1 Bed,1 Bath,1 Parking,,geelong-vic,-38.1246615,144.3350004
,,$150 weekly,"Room 9, 30 Daly Boulevard,",HIGHTON VIC 3216,1 Bed,1 Bath,1 Parking,,geelong-vic,-38.1963272,144.3061654
,,$620.00,"39 Floret Drive,",LARA VIC 3212,4 Beds,2 Baths,2 Parking,,geelong-vic,-38.0120852,144.3804109
,,$550,"21 Fifth Avenue,",ALTONA NORTH VIC 3025,3 Beds,1 Bath,1 Parking,,geelong-vic,-37.8332736,144.8510236
,,$440.00 per week,"7/1a Azilemot Avenue,",HERNE HILL VIC 3218,2 Beds,1 Bath,2 Parking,,geelong-vic,-38.1301176,144.3186523
,,$600.00,"12 Chasseles Place,",BANNOCKBURN VIC 3331,4 Beds,2 Baths,2 Parking,,geelong-vic,-38.0383226,144.1653376
,,$400.00,"4/2-3 Enbrook Court,",GROVEDALE VIC 3216,2 Beds,1 Bath,1 Parking,,geelong-vic,-38.1963042,144.3357787
,,650pw,"41 Digby Avenue,",BELMONT VIC 3216,4 Beds,2 Baths,2 Parking,,geelong-vic,-38.1753831,144.3281468
,,$540,"9 Voyage Circuit,",CORIO VIC 3214,3 Beds,2 Baths,2 Parking,,geelong-vic,-38.0654883,144.3623234
,,$470 pw,"149 Separation Street,",BELL PARK VIC 3215,3 Beds,1 Bath,8 Parking,724m²,geelong-vic,-38.1097615,144.3346983
,,$350 pw,"173 Bellerine Street,",GEELONG VIC 3220,1 Bed,1 Bath,1 Parking,,geelong-vic,-38.1485466,144.3658177
,,$720.00,"32 Mundy Street,",GEELONG VIC 3220,3 Beds,2 Baths,1 Parking,,geelong-vic,-38.1577748,144.3608817
,,$390.00,"295 Rhinds Road,",WALLINGTON VIC 3222,1 Bed,1 Bath,1 Parking,,geelong-vic,-38.2265489,144.5228447
,,$530.00 per week,"43 Vasse Circuit,",MOUNT DUNEED VIC 3217,4 Beds,2 Baths,2 Parking,,geelong-vic,-38.2308666,144.3210897
,,$480,"7 Landy Ave,",HIGHTON VIC 3216,3 Beds,1 Bath,1 Parking,,geelong-vic,-38.1807297,144.3179506
,,$390,"37 Wendover Street,",NORLANE VIC 3214,2 Beds,1 Bath,1 Parking,,geelong-vic,-38.1014,144.3542
,,$450 per week,"52 Farmhouse Avenue,",DRYSDALE VIC 3222,4 Beds,2 Baths,2 Parking,,geelong-vic,-38.1766939,144.5785917
,,$400.00,"1 Yutika Street,",WERRIBEE VIC 3030,2 Beds,1 Bath,1 Parking,,geelong-vic,-37.9006112,144.6060483
,,$540.00,"107 Fyans Street Street,",SOUTH GEELONG VIC 3220,2 Beds,1 Bath,3 Parking,,geelong-vic,-38.1617762,144.3543021
,,$510.00 per week,"32 Sundews Crescent,",ARMSTRONG CREEK VIC 3217,4 Beds,2 Baths,2 Parking,,geelong-vic,-38.2244897,144.3625664
,,$490,"61 Gilroy Crescent,",CHARLEMONT VIC 3217,3 Beds,2 Baths,2 Parking,,geelong-vic,-38.2111474,144.3726623
,,$560,"9 Geelong Crescent,",ST JOHNS PARK NSW 2176,3 Beds,1 Bath,− Parking,,geelong-vic,-33.8852116,150.8990095
,,$600 weekly,"3/1 Cottesloe Dr,",BARWON HEADS VIC 3227,3 Beds,2 Baths,1 Parking,,geelong-vic,-38.2714851,144.4861738
,,$560.00,"805/408 Spencer Street,",WEST MELBOURNE VIC 3003,1 Bed,1 Bath,− Parking,,geelong-vic,-37.8101,144.95
,,$460.00 per week,"1 Peter Street,",BELL POST HILL VIC 3215,3 Beds,1 Bath,2 Parking,,geelong-vic,-38.1035516,144.3318536
,,$450,"9 Wattle Court,",GROVEDALE VIC 3216,3 Beds,2 Baths,2 Parking,,geelong-vic,-38.2129403,144.3272215
,,$600.00,"7 Tunbury Court,",HIGHTON VIC 3216,4 Beds,2 Baths,2 Parking,,geelong-vic,-38.1637011,144.3114608
,,$500,"3/27-29 Marlo Street,",HAMLYN HEIGHTS VIC 3215,2 Beds,2 Baths,1 Parking,,geelong-vic,46.283,15.258
,,$500.00,"223 Autumn Street,",GEELONG WEST VIC 3218,3 Beds,1 Bath,1 Parking,,geelong-vic,-38.1418721,144.336663
,,$460 weekly,"48 Heyers Rd,",GROVEDALE VIC 3216,3 Beds,2 Baths,1 Parking,,geelong-vic,-38.2074436,144.330192
,,$540.00 per week,"110/146 Bellerine Street,",GEELONG VIC 3220,2 Beds,2 Baths,1 Parking,,geelong-vic,-38.1539,144.3351
,,$480 weekly,"13 Tannin Way,",WAURN PONDS VIC 3216,4 Beds,2 Baths,2 Parking,,geelong-vic,-38.2140453,144.3055636
,,$450 per week,"2/70 Clifton Springs Road,",DRYSDALE VIC 3222,3 Beds,2 Baths,1 Parking,242m²,geelong-vic,-38.1600233,144.5733707
,,$380,"1 Antrim Court,",CORIO VIC 3214,3 Beds,1 Bath,2 Parking,,geelong-vic,-38.0729394,144.3551781
,,"$450 per week | $1,955 per calendar month","1/499 Geelong Road,",YARRAVILLE VIC 3013,2 Beds,2 Baths,1 Parking,,geelong-vic,-37.8137388,144.8603542
,,$500 weekly,"25 Newfields Dr,",DRYSDALE VIC 3222,4 Beds,2 Baths,2 Parking,,geelong-vic,-38.1767244,144.5756531
,,$540.00,"2 Willow Crescent,",BELL PARK VIC 3215,4 Beds,1 Bath,2 Parking,,geelong-vic,-38.1163845,144.3328177
,,$500,"10 Casy Grove,",LEOPOLD VIC 3224,3 Beds,2 Baths,2 Parking,,geelong-vic,-38.2003532,144.4573016
,,$550,"13 Jedda Street,",BELL POST HILL VIC 3215,4 Beds,2 Baths,2 Parking,,geelong-vic,-38.0994698,144.333603
,,$465,"8-10 Foxglove Way,",LARA VIC 3212,3 Beds,2 Baths,2 Parking,,geelong-vic,-38.032448,144.3879853
,,$480 per week,"1/18 Jasmine Street,",BELL PARK VIC 3215,3 Beds,1 Bath,1 Parking,,geelong-vic,-38.1175154,144.3348473
,,$390,"70 Swallow Crescent,",NORLANE VIC 3214,4 Beds,1 Bath,2 Parking,558m²,geelong-vic,-38.0898472,144.3514907
,,$550,"42 Swanburra Drive,",CHARLEMONT VIC 3217,4 Beds,2 Baths,2 Parking,,geelong-vic,-38.2118008,144.3627854
,,$430.00,"1406/557-561 Little Lonsdale Street,",MELBOURNE VIC 3000,1 Bed,1 Bath,− Parking,,geelong-vic,-37.814,144.9633
,,$520 p/w,"15 Kiama Way,",CLIFTON SPRINGS VIC 3222,3 Beds,2 Baths,1 Parking,,geelong-vic,-38.1605513,144.5530715
,,$345 per week,"117/386 Burwood Highway,",BURWOOD VIC 3125,1 Bed,1 Bath,− Parking,,geelong-vic,-37.8498,145.119
,,$590 per week,"32 Golconda Avenue,",FRANKSTON VIC 3199,3 Beds,1 Bath,2 Parking,,geelong-vic,-38.1411139,145.1493354
,,$470.00 per week,"3 Homestead Drive,",ST ALBANS PARK VIC 3219,3 Beds,1 Bath,3 Parking,643m²,geelong-vic,-38.1892901,144.3925494
,,$380 per week,"6/406 Lower Heidelberg Road,",EAGLEMONT VIC 3084,1 Bed,1 Bath,1 Parking,100m²,geelong-vic,-37.7658239,145.0670583
,,$450 per week,"20 Henry Street,",BELMONT VIC 3216,3 Beds,1 Bath,− Parking,,geelong-vic,-38.1838645,144.3299423
,,$700.00,"35/174 Peel Street,",WINDSOR VIC 3181,2 Beds,2 Baths,1 Parking,,geelong-vic,-37.853,144.9929
,,$590 per week,"8 Tynong Street,",CROYDON VIC 3136,3 Beds,1 Bath,1 Parking,877m²,geelong-vic,-37.7875726,145.2787375
,,$360 per week,"4/51 Belle Vue Avenue,",HIGHTON VIC 3216,1 Bed,1 Bath,1 Parking,,geelong-vic,-38.2335,144.3007
,,$590 per week,"1/15 Maurice Street,",HERNE HILL VIC 3218,3 Beds,1 Bath,1 Parking,,geelong-vic,-38.1293068,144.3219788
,,$600,"9 Bonsey Road,",HIGHTON VIC 3216,4 Beds,2 Baths,− Parking,,geelong-vic,-38.1804694,144.3145678
,,Under Application,"1/22-24 Grove Road,",BARWON HEADS VIC 3227,3 Beds,2 Baths,1 Parking,,geelong-vic,-38.2806636,144.4897603
,,$630 per week,"30 Spotted Gum Drive,",LARA VIC 3212,4 Beds,3 Baths,2 Parking,431m²,geelong-vic,-38.016481,144.3804944
,,$420 pw,"204 Hope Street,",GEELONG WEST VIC 3218,2 Beds,1 Bath,1 Parking,,geelong-vic,-38.1407132,144.3378201
,,$550.00,"13-14 Ashwood Close,",OCEAN GROVE VIC 3226,3 Beds,2 Baths,2 Parking,,geelong-vic,-38.2573775,144.549244
,,$480 weekly,"4 Polwarth Crescent,",BELMONT VIC 3216,3 Beds,1 Bath,3 Parking,,geelong-vic,-38.1893786,144.3294844
,,$740 weekly,"3/12 Elsvern Avenue,",BELMONT VIC 3216,4 Beds,2 Baths,2 Parking,,geelong-vic,-38.1713701,144.3268258
,,$500,"4 Waugh Street,",ROCKBANK VIC 3335,4 Beds,2 Baths,2 Parking,,geelong-vic,-37.7329611,144.6498316
,,$995,"122A Sussex Street,",EAST VICTORIA PARK WA 6101,4 Beds,2 Baths,2 Parking,,geelong-vic,-31.9838389,115.9009195
,,$520.00,"1/42 Vines Road,",HAMLYN HEIGHTS VIC 3215,2 Beds,2 Baths,1 Parking,,geelong-vic,-38.1192503,144.3285761
,,$420 weekly,"1/14 Roslyn Road,",BELMONT VIC 3216,2 Beds,1 Bath,1 Parking,,geelong-vic,-38.1761634,144.3488347
,,$650.00,"14 Alexandra Ave Avenue,",GEELONG VIC 3220,4 Beds,1 Bath,− Parking,,geelong-vic,-38.1489694,144.3700429
,,$490.00 per week,"56 Precinct Road,",CHARLEMONT VIC 3217,3 Beds,2 Baths,2 Parking,,geelong-vic,-38.21384,144.3621928
,,$450,"20 Pettitt Crescent,",NORLANE VIC 3214,3 Beds,1 Bath,1 Parking,,geelong-vic,-38.097678,144.3590681
,,$550.00,"60 Greenmont Road,",WYNDHAM VALE VIC 3024,4 Beds,2 Baths,2 Parking,,geelong-vic,-37.8589435,144.5983233
,,$185 weekly,"Room 6, 93 Fogarty Ave,",HIGHTON VIC 3216,1 Bed,1 Bath,− Parking,,geelong-vic,-38.1906877,144.3082879
,,$500 pw,"14 Pomeroy Rise,",MOUNT DUNEED VIC 3217,3 Beds,2 Baths,2 Parking,,geelong-vic,-38.2360128,144.3318778
,,$460 Per Week,"3/368 Geelong Road,",KINGSVILLE VIC 3012,2 Beds,1 Bath,1 Parking,,geelong-vic,-37.8052305,144.8807903
,,$470,"66 Clarendon Street,",NEWTOWN VIC 3220,3 Beds,1 Bath,− Parking,,geelong-vic,-38.1551915,144.3466186
,,$400.00,"4/105 Eggleston Street,",OCEAN GROVE VIC 3226,2 Beds,1 Bath,1 Parking,,geelong-vic,-38.2670308,144.52748
,,$500.00 per week,"6 Capella Road,",OCEAN GROVE VIC 3226,3 Beds,1 Bath,1 Parking,,geelong-vic,-38.2631401,144.5449612
,,$670,"404/44 Ryrie Street,",GEELONG VIC 3220,2 Beds,2 Baths,2 Parking,,geelong-vic,-38.1481755,144.3560217
,,$480,"8 Chorley Street,",STRATHTULLOH VIC 3338,4 Beds,2 Baths,1 Parking,,geelong-vic,-37.7236822,144.596732
,,$595 weekly,"35 Peterho Blvd,",POINT LONSDALE VIC 3225,3 Beds,2 Baths,2 Parking,,geelong-vic,-38.2706508,144.6138294
,,$680.00,"4 Taylor Street,",TORQUAY VIC 3228,4 Beds,2 Baths,2 Parking,,geelong-vic,-38.3102542,144.3208036
,,$510 per week,"7 Waler Street,",AINTREE VIC 3336,3 Beds,2 Baths,2 Parking,,geelong-vic,-37.72042,144.6689989
,,$285 per week,"2/111 Kildare Street,",NORTH GEELONG VIC 3215,1 Bed,1 Bath,− Parking,,geelong-vic,-38.1140616,144.3469544
,,$625 pw,"4/73 Bellarine Highway,",POINT LONSDALE VIC 3225,3 Beds,2 Baths,2 Parking,,geelong-vic,-38.2651833,144.6169297
,,$330.00,"4/9 Beach Close,",POINT LONSDALE VIC 3225,1 Bed,1 Bath,1 Parking,,geelong-vic,-38.2713156,144.6211859
,,$580,"31 Conifer Street,",ARMSTRONG CREEK VIC 3217,4 Beds,2 Baths,3 Parking,,geelong-vic,-38.2288683,144.3672552
,,$500,"1/37 Spring Street,",GEELONG WEST VIC 3218,3 Beds,2 Baths,1 Parking,,geelong-vic,-38.1448982,144.3505312
,,$550.00 per week,"15 Montagna Circuit,",ARMSTRONG CREEK VIC 3217,4 Beds,2 Baths,2 Parking,,geelong-vic,-38.2460426,144.3774461
,,$510.00 per week,"84 North Valley Road,",HIGHTON VIC 3216,3 Beds,1 Bath,3 Parking,,geelong-vic,-38.1676267,144.3196958
,,$600 per week,"65 Marimba Street,",LARA VIC 3212,4 Beds,2 Baths,2 Parking,,geelong-vic,-38.0163822,144.3796326
,,$750 per week,"178 Nicholson St,",BRUNSWICK EAST VIC 3057,2 Beds,1 Bath,1 Parking,247m²,geelong-vic,-37.7654728,144.9805539
,,$680 per week,"10/8 Riversdale Road,",BURSWOOD WA 6100,1 Bed,1 Bath,1 Parking,,geelong-vic,-31.9563359,115.9000791
,,$540 per week,"7/42-44 Britannia Street,",GEELONG WEST VIC 3218,2 Beds,2 Baths,1 Parking,,geelong-vic,-38.1343,144.3241
,,$480 per week,"37 Bailey Street,",BELMONT VIC 3216,3 Beds,2 Baths,2 Parking,,geelong-vic,-38.1842854,144.3503085
,,$510 per week,"7 Allitt Avenue,",BELMONT VIC 3216,3 Beds,2 Baths,2 Parking,,geelong-vic,-38.1806889,144.3331814
,,$550 weekly,"304/148 Bellerine Street,",GEELONG VIC 3220,2 Beds,2 Baths,1 Parking,,geelong-vic,-38.1485466,144.3658177
,,$410,"6 Macedon Avenue,",CORIO VIC 3214,3 Beds,1 Bath,1 Parking,,geelong-vic,-38.0709741,144.372393
,,$580.00 per week,"5 Duncan Drive,",LARA VIC 3212,4 Beds,2 Baths,1 Parking,,geelong-vic,-38.0300522,144.4100486
,,$450 weekly,"601/150 Dudley St,",WEST MELBOURNE VIC 3003,− 0 Beds,1 Bath,1 Parking,,geelong-vic,-37.8101,144.95
,,$600.00 per week,"14 Titian Court,",GROVEDALE VIC 3216,4 Beds,2 Baths,4 Parking,,geelong-vic,-38.2072701,144.3186062
,,$600,"5 Floreat Avenue,",HIGHTON VIC 3216,4 Beds,2 Baths,3 Parking,,geelong-vic,-38.1573137,144.2986105
,,$570.00,"24 Sharp Street,",NEWTOWN VIC 3220,3 Beds,1 Bath,2 Parking,,geelong-vic,-38.1579698,144.3476673
,,$520.00,"16 Tower Road,",PORTARLINGTON VIC 3223,3 Beds,2 Baths,2 Parking,,geelong-vic,-38.1241387,144.6465899
,,$490.00,"903/18 Cavendish Street,",GEELONG VIC 3220,1 Bed,1 Bath,1 Parking,,geelong-vic,-38.1436442,144.3568787
,,$550.00 per week,"10 Citrinus Street,",MOUNT DUNEED VIC 3217,4 Beds,2 Baths,2 Parking,,geelong-vic,-38.2180036,144.3355819
,,$350 weekly,"2/25 Hutcheson Avenue,",HIGHTON VIC 3216,2 Beds,1 Bath,1 Parking,,geelong-vic,-38.1778566,144.3218374
,,$420,"1/55 Old Geelong Road,",LAVERTON VIC 3028,3 Beds,1 Bath,1 Parking,,geelong-vic,-37.8531506,144.7650013
,,$420,"2/55 Old Geelong Road,",LAVERTON VIC 3028,2 Beds,1 Bath,1 Parking,,geelong-vic,-37.8531506,144.7650013
,,$450 per week,"58 Broadway,",ELWOOD VIC 3184,1 Bed,1 Bath,− Parking,,geelong-vic,-37.8768281,144.9835959
,,$480 per week,"19-21 Gunsynd Drive,",INDENTED HEAD VIC 3223,3 Beds,2 Baths,2 Parking,,geelong-vic,-38.1396028,144.7033735
,,$500.00,"7 Sandridge Street,",LEOPOLD VIC 3224,4 Beds,2 Baths,2 Parking,,geelong-vic,-38.1990845,144.4548106
,,$430 per week,"10 Barrands Lane,",CLIFTON SPRINGS VIC 3222,3 Beds,1 Bath,2 Parking,,geelong-vic,-38.1633451,144.5681831
,,$480.00 per week,"1/55 Isabella Street,",GEELONG WEST VIC 3218,2 Beds,2 Baths,1 Parking,200m²,geelong-vic,-38.1330195,144.3452416
,,$540 Per Week,"35 Seabrook Crescent,",ST LEONARDS VIC 3223,4 Beds,2 Baths,2 Parking,422m²,geelong-vic,-38.1734981,144.7029987
,,$450,"4/162 Coppards Road,",NEWCOMB VIC 3219,3 Beds,2 Baths,3 Parking,,geelong-vic,-38.1726298,144.4026516
,,$430,"2/162 Coppards Road,",NEWCOMB VIC 3219,3 Beds,2 Baths,1 Parking,,geelong-vic,-38.1652273,144.4040955
,,$395,"6/228 Roslyn Road,",HIGHTON VIC 3216,2 Beds,1 Bath,1 Parking,,geelong-vic,-38.1731322,144.3238839
,,$350.00 per week,"1/273 Princes Highway,",CORIO VIC 3214,3 Beds,1 Bath,1 Parking,265m²,geelong-vic,-38.0776785,144.365309
,,$495.00 per week,"111 Countess Drive,",ST LEONARDS VIC 3223,4 Beds,2 Baths,2 Parking,,geelong-vic,-38.1673532,144.7050678
,,$650 per week,"512/668 Swanston Street,",CARLTON VIC 3053,1 Bed,1 Bath,1 Parking,,geelong-vic,-37.8004,144.9684
,,$800.00 per week,"71 Primes Court,",BALLIANG VIC 3340,17ha,,,,geelong-vic,-37.8045126,144.381106
,,$620 per week,"1/261 High Street,",BELMONT VIC 3216,3 Beds,2 Baths,2 Parking,,geelong-vic,-38.186419,144.3306017
,,$550 pw,"1 Batlow Street,",ARMSTRONG CREEK VIC 3217,4 Beds,2 Baths,2 Parking,,geelong-vic,-38.2284495,144.3489858
,,$410.00 Per week,"923A Geelong Road,",CANADIAN VIC 3350,3 Beds,2 Baths,2 Parking,,geelong-vic,-37.5850948,143.8675749
,,$340,"16 Gavin street,",NORLANE VIC 3214,1 Bed,1 Bath,1 Parking,,geelong-vic,-38.0963669,144.3595852
,,"$1,000","270 Avalon road,",AVALON VIC 3212,6 Beds,2 Baths,4 Parking,,geelong-vic,-38.0556275,144.4274694
,,$400,"1/162 Coppards Road,",NEWCOMB VIC 3219,3 Beds,1 Bath,1 Parking,,geelong-vic,-38.1652273,144.4040955
,,$480,"29 Jasmine Street,",BELL PARK VIC 3215,3 Beds,1 Bath,1 Parking,,geelong-vic,-38.1175154,144.3348473
,,$520.00 per week,"14 Avocet Way,",ARMSTRONG CREEK VIC 3217,4 Beds,2 Baths,2 Parking,,geelong-vic,-38.2583,144.3083
,,$680.00 per week,"9 Hangar Street,",MOUNT DUNEED VIC 3217,5 Beds,3 Baths,2 Parking,,geelong-vic,-38.2583,144.3083
,,$600.00,"15 Point Boulevard,",POINT LONSDALE VIC 3225,4 Beds,2 Baths,2 Parking,,geelong-vic,-38.269969,144.609911
,,$450.00,"G10/312 Moorabool Street,",GEELONG VIC 3220,1 Bed,1 Bath,1 Parking,,geelong-vic,-38.1539,144.3351
,,$450,"69 Isabella Street,",GEELONG WEST VIC 3218,2 Beds,1 Bath,1 Parking,,geelong-vic,-38.1329409,144.3444686
,,$470 pw,"44 Deakin Street,",BELL PARK VIC 3215,3 Beds,1 Bath,4 Parking,,geelong-vic,-38.1088203,144.3348012
,,$490 Per Week,"1a Saintfield Street,",LARA VIC 3212,3 Beds,1 Bath,2 Parking,435m²,geelong-vic,-38.0326096,144.3956795
,,$490.00 per week,"53 Giovanni Drive,",CHARLEMONT VIC 3217,3 Beds,2 Baths,2 Parking,,geelong-vic,-38.2086579,144.3519809
,,$495.00 per week,"8 Pythais Way,",CHARLEMONT VIC 3217,4 Beds,2 Baths,2 Parking,,geelong-vic,-38.2228848,144.3665867
,,$490.00 per week,"65 Munro Drive,",CHARLEMONT VIC 3217,3 Beds,2 Baths,1 Parking,,geelong-vic,-38.2222211,144.3676221
,,$430.00 per week,"5 Protea Court,",NEWCOMB VIC 3219,3 Beds,1 Bath,2 Parking,571m²,geelong-vic,-38.1675464,144.3945268
,,$470,"1/54 Donnybrook Road,",NORLANE VIC 3214,3 Beds,2 Baths,1 Parking,,geelong-vic,-38.0853634,144.3365489
,,$650 Per Week,"4 Crawley Court,",VIEWBANK VIC 3084,3 Beds,2 Baths,2 Parking,,geelong-vic,-37.7362938,145.0917212
,,$430.00 per week,"1/145 Torquay Road,",GROVEDALE VIC 3216,2 Beds,1 Bath,1 Parking,,geelong-vic,-38.2072144,144.3400803
,,$490 per week,"37 Sunset Boulevard,",JACANA VIC 3047,3 Beds,1 Bath,− Parking,639m²,geelong-vic,-37.6911121,144.9154098
,,$750,"77 Hemingway Drive,",ROCKBANK VIC 3335,5 Beds,5 Baths,2 Parking,,geelong-vic,-37.7357449,144.6650069
,,$600.00 per week,"3 Kelty Court,",HIGHTON VIC 3216,3 Beds,2 Baths,2 Parking,478m²,geelong-vic,-38.1961146,144.3085641
,,$640 PER WEEK,"2 Wigan Close,",WOLLERT VIC 3750,4 Beds,2 Baths,4 Parking,,geelong-vic,-37.6169595,145.0240561
,,$230.00,"14 Daly Boulevard,",HIGHTON VIC 3216,1 Bed,1 Bath,2 Parking,,geelong-vic,-38.194671,144.3063973
,,$570.00 per week,"47 Holley Crescent,",ARMSTRONG CREEK VIC 3217,4 Beds,2 Baths,2 Parking,,geelong-vic,-38.2437972,144.3771011
,,$530.00,"3 Tresco Court,",ST ALBANS PARK VIC 3219,3 Beds,2 Baths,2 Parking,,geelong-vic,-38.1930339,144.3956308
,,$385 per week,"2/122-126 Little Ryrie Street,",GEELONG VIC 3220,1 Bed,1 Bath,1 Parking,,geelong-vic,-38.1513857,144.3624466
,,$500,"10 Kalver Street,",CORIO VIC 3214,4 Beds,2 Baths,3 Parking,,geelong-vic,-38.0695356,144.3626504
,,$500 per week,"2/20 George Street,",BELMONT VIC 3216,2 Beds,1 Bath,1 Parking,,geelong-vic,-38.1746216,144.3464964
,,$550 pw,"2/59 Giddings Street,",NORTH GEELONG VIC 3215,3 Beds,2 Baths,2 Parking,,geelong-vic,-38.1174446,144.3456084
,,$600.00 per week,"105 Whites Road,",MOUNT DUNEED VIC 3217,4 Beds,2 Baths,2 Parking,,geelong-vic,-38.2308501,144.3095078
,,$495,"5 Punica Court,",PORTARLINGTON VIC 3223,3 Beds,1 Bath,1 Parking,,geelong-vic,-38.1196689,144.6309779
,,$590 weekly,"107/19 Irving Ave,",BOX HILL VIC 3128,2 Beds,1 Bath,1 Parking,,geelong-vic,-37.8158711,145.1222744
,,$510.00 per week,"7 Lyall Street,",ARMSTRONG CREEK VIC 3217,4 Beds,2 Baths,2 Parking,,geelong-vic,-38.2397535,144.3401258
,,$550,"5 Highett Road,",HIGHTON VIC 3216,4 Beds,2 Baths,3 Parking,,geelong-vic,-38.153287,144.3112912
,,$600.00,"7/46 Percy Street,",NEWTOWN VIC 3220,3 Beds,2 Baths,2 Parking,,geelong-vic,-38.1574711,144.3418752
,,$510.00,"1/158 Pigdons Road,",HIGHTON VIC 3216,2 Beds,2 Baths,1 Parking,,geelong-vic,-38.1983528,144.3050135
,,Under Application - Deposit Taken,"1301/557 Little Lonsdale St,",MELBOURNE VIC 3000,1 Bed,1 Bath,− Parking,,geelong-vic,-37.8109981,144.9628452
,,$410,"21 Ormond Road,",EAST GEELONG VIC 3219,2 Beds,1 Bath,1 Parking,,geelong-vic,-38.1675322,144.3835324
,,$580 weekly,"5/59 Tooronga Rd,",MALVERN EAST VIC 3145,2 Beds,1 Bath,1 Parking,"1,091m²",geelong-vic,-37.8734046,145.0383518
,,$480.00 per week,"1B Tasman Avenue,",BELMONT VIC 3216,3 Beds,1 Bath,3 Parking,,geelong-vic,-38.1806856,144.3406932
,,$430.00,"4/29 Watson Avenue,",BELMONT VIC 3216,2 Beds,1 Bath,1 Parking,,geelong-vic,-38.1784833,144.3341119
,,$500.00 per week,"13 Chandos Court,",ST ALBANS PARK VIC 3219,3 Beds,1 Bath,4 Parking,,geelong-vic,-38.1848518,144.3863843
,,$475pw,"9a Tova Avenue,",BELL POST HILL VIC 3215,2 Beds,2 Baths,1 Parking,,geelong-vic,-38.1028204,144.3213517
,,$470 per week,"3 Hering Court,",THOMSON VIC 3219,3 Beds,1 Bath,2 Parking,,geelong-vic,-38.1714611,144.3807387
,,$650.00,"88 Shorebreak Way,",OCEAN GROVE VIC 3226,4 Beds,2 Baths,2 Parking,,geelong-vic,-38.2508826,144.5638159
,,$380 pw,"3/20 McDougall Street,",GEELONG WEST VIC 3218,2 Beds,1 Bath,1 Parking,,geelong-vic,-38.1375555,144.3404008
,,$450.00,"9 Strickland Avenue,",HIGHTON VIC 3216,3 Beds,1 Bath,2 Parking,,geelong-vic,-38.1823417,144.3211842
,,$520 per week,"4/340 Moorabool Street,",GEELONG VIC 3220,2 Beds,2 Baths,1 Parking,,geelong-vic,-38.1585404,144.3555214
,,$485 per week,"213 Myers Street,",GEELONG VIC 3220,2 Beds,1 Bath,1 Parking,,geelong-vic,-38.1536199,144.3668305
,,$520pw,"44 Yering Street,",MOUNT DUNEED VIC 3217,3 Beds,2 Baths,2 Parking,,geelong-vic,-38.2357422,144.3309942
,,$485 per week,"17 Meadow Drive,",CURLEWIS VIC 3222,4 Beds,2 Baths,2 Parking,,geelong-vic,-38.1759104,144.550571
,,$520,"106/501-503 Plenty Road,",PRESTON VIC 3072,2 Beds,2 Baths,1 Parking,,geelong-vic,-37.75,145.0167
,,$580,"15/163 Hubert Street,",EAST VICTORIA PARK WA 6101,2 Beds,1 Bath,1 Parking,,geelong-vic,-31.9907764,115.9106969
,,$580.00 per week,"24 Calcium Park Crescent,",POINT LONSDALE VIC 3225,3 Beds,2 Baths,2 Parking,500m²,geelong-vic,-38.2679098,144.6166165
,,$310.00 per week,"10/38 Pride Avenue,",HAMLYN HEIGHTS VIC 3215,1 Bed,1 Bath,1 Parking,,geelong-vic,-38.1281317,144.3336794
,,$460.00 per week,"1 Cairnes Street,",INDENTED HEAD VIC 3223,3 Beds,2 Baths,2 Parking,,geelong-vic,-38.1359308,144.7086811
,,$415 weekly,"2/68 Church Street,",GROVEDALE VIC 3216,2 Beds,1 Bath,1 Parking,,geelong-vic,-38.1969821,144.342125
,,$440 per week,"4/4 Koala Court,",WHITTINGTON VIC 3219,2 Beds,1 Bath,1 Parking,,geelong-vic,-38.1798624,144.3860755
,,$550,"4 Henderson Drive,",TARNEIT VIC 3029,4 Beds,2 Baths,2 Parking,,geelong-vic,-37.8433637,144.6426152
,,$535.00 per week,"20 Leila Crescent,",BELL POST HILL VIC 3215,3 Beds,2 Baths,2 Parking,,geelong-vic,-38.0918105,144.326646
,,$750.00,"508/53 Mercer Street,",GEELONG VIC 3220,2 Beds,2 Baths,1 Parking,,geelong-vic,-38.1438254,144.3566869
,,"$580.00 per week $2,520.00 per month",".20 Kosa Avenue,",SUNSHINE WEST VIC 3020,3 Beds,2 Baths,2 Parking,,geelong-vic,-37.7950931,144.7920516
,,$650.00 per week,"16 Velocity Way,",MOUNT DUNEED VIC 3217,3 Beds,2 Baths,2 Parking,,geelong-vic,-38.2173054,144.3275708
,,$600,"13 Crestmoor Drive,",HIGHTON VIC 3216,4 Beds,2 Baths,1 Parking,,geelong-vic,-38.1869999,144.318449
,,$450 per week,"152 Separation Street,",BELL PARK VIC 3215,3 Beds,1 Bath,1 Parking,,geelong-vic,-38.1097615,144.3346983
,,$510pw,"17 Cootamundra Drive,",ARMSTRONG CREEK VIC 3217,4 Beds,2 Baths,4 Parking,,geelong-vic,-38.2235691,144.3523421
,,$595 per week,"1/211 Aberdeen Street,",NEWTOWN VIC 3220,3 Beds,1 Bath,2 Parking,,geelong-vic,-38.1440735,144.3247221
,,$700 weekly,"23A Sandpiper Ct,",OCEAN GROVE VIC 3226,3 Beds,2 Baths,2 Parking,,geelong-vic,-38.2586368,144.5215873
,,$680 per week,"31 Chaucer Street,",HAMLYN HEIGHTS VIC 3215,3 Beds,2 Baths,2 Parking,,geelong-vic,-38.1178487,144.3253549
,,$800 per week,"70 Cobram Drive,",EYNESBURY VIC 3338,5 Beds,3 Baths,2 Parking,,geelong-vic,-37.7855923,144.5538346
,,$400.00,"2/12 Boyne Street,",EAST GEELONG VIC 3219,2 Beds,1 Bath,1 Parking,,geelong-vic,-38.1662,144.3943
,,$320 P/W,"15/436 Geelong Road,",WEST FOOTSCRAY VIC 3012,1 Bed,1 Bath,1 Parking,,geelong-vic,-37.8302,144.8709
,,$550 per week,"607/18 Malone Street,",GEELONG VIC 3220,2 Beds,1 Bath,1 Parking,,geelong-vic,-38.1412106,144.3568823
,,$510.00 per week,"116 Ballarat Road,",HAMLYN HEIGHTS VIC 3215,3 Beds,1 Bath,1 Parking,,geelong-vic,-38.1305194,144.3422884
,,$470 weekly,"30 Marjorie Avenue,",BELMONT VIC 3216,3 Beds,1 Bath,1 Parking,,geelong-vic,-38.1855753,144.3313595
,,$465 per week,"1/381 Middleborough Road,",BOX HILL VIC 3128,2 Beds,1 Bath,− Parking,,geelong-vic,-37.8199145,145.1382926
,,$700pw,"17 Stingray Street,",ARMSTRONG CREEK VIC 3217,5 Beds,3 Baths,2 Parking,,geelong-vic,-38.2256465,144.3720837
,,$450 per week,"2/87 Tahara Street,",HAMLYN HEIGHTS VIC 3215,2 Beds,1 Bath,1 Parking,,geelong-vic,-38.1250311,144.3196883
,,$500.00,"8/32-34 Newcombe Street,",DRYSDALE VIC 3222,3 Beds,2 Baths,2 Parking,,geelong-vic,-38.2,144.4833
,,$390/week,"2/16 Narvik Avenue,",ST LEONARDS VIC 3223,2 Beds,1 Bath,2 Parking,,geelong-vic,-38.1694561,144.709437
,,$470.00 per week,"10 Kerr Street,",NORTH GEELONG VIC 3215,3 Beds,1 Bath,2 Parking,,geelong-vic,-38.1137008,144.3451087
,,$450,"4/21 Lonsdale Street,",GEELONG VIC 3220,2 Beds,1 Bath,2 Parking,,geelong-vic,-38.157703,144.3567342
,,$460 per week,"8 Coral Court,",CLIFTON SPRINGS VIC 3222,3 Beds,1 Bath,1 Parking,604m²,geelong-vic,-38.1568273,144.5717661
,,$350.00,"2/18 Lelean Street,",OCEAN GROVE VIC 3226,2 Beds,1 Bath,1 Parking,,geelong-vic,-38.2671237,144.5178368
,,$520.00 Per Week,"10 Haniper Grove,",WERRIBEE VIC 3030,4 Beds,2 Baths,2 Parking,,geelong-vic,-37.9094558,144.6027529
,,$360 weekly,"4/1120 Geelong Road,",MOUNT CLEAR VIC 3350,3 Beds,2 Baths,2 Parking,,geelong-vic,-37.6026609,143.8686287
,,$460,"1610/6 Leicester Street,",CARLTON VIC 3053,1 Bed,1 Bath,− Parking,,geelong-vic,-37.802198,144.9607524
,,$500/Week,"14 Golf View Street,",ST LEONARDS VIC 3223,4 Beds,2 Baths,2 Parking,,geelong-vic,-38.1682774,144.7065533
,,$540.00 per week,"10 Beltana Street,",GROVEDALE VIC 3216,4 Beds,2 Baths,1 Parking,,geelong-vic,-38.2038206,144.3331765
,,$590.00,"7 Orchid Street,",ARMSTRONG CREEK VIC 3217,4 Beds,2 Baths,2 Parking,,geelong-vic,-38.2247565,144.3617125
,,$495.00 per week,"19 Currumbin Street,",ARMSTRONG CREEK VIC 3217,3 Beds,2 Baths,2 Parking,,geelong-vic,-38.2275699,144.3671205
,,$420,"4/197 Torquay Road,",GROVEDALE VIC 3216,2 Beds,1 Bath,1 Parking,,geelong-vic,-38.2072144,144.3400803
,,"$1,075 weekly","42 Fairview Rd,",MOUNT WAVERLEY VIC 3149,5 Beds,2 Baths,2 Parking,,geelong-vic,-37.8667417,145.1164592
,,UNDER OFFER,"19 Unico Circuit,",MOUNT DUNEED VIC 3217,4 Beds,2 Baths,2 Parking,,geelong-vic,-38.2288144,144.3178306
,,$580pw /$2520pcm,"20 Bent Street,",BUNDOORA VIC 3083,4 Beds,1 Bath,1 Parking,,geelong-vic,-37.6979816,145.0597269
,,$460,"29 Newton Avenue,",BELL POST HILL VIC 3215,3 Beds,1 Bath,2 Parking,,geelong-vic,-38.0946111,144.3296972
,,$530.00 per week,"23 Frost Drive,",CHARLEMONT VIC 3217,4 Beds,2 Baths,2 Parking,499m²,geelong-vic,-38.2124392,144.3491131
,,$450.00,"7 Sunset Strip,",OCEAN GROVE VIC 3226,3 Beds,1 Bath,1 Parking,,geelong-vic,-38.2602838,144.5501681
,,$975 per week,"506/1 Dank Street West,",PORT MELBOURNE VIC 3207,3 Beds,1 Bath,2 Parking,,geelong-vic,-37.8329,144.922
,,$500 pw,"50 Ernest Street,",BELL POST HILL VIC 3215,3 Beds,2 Baths,2 Parking,,geelong-vic,-38.1006628,144.3283434
,,$650 weekly,"79 Ardmillan Rd,",MOONEE PONDS VIC 3039,3 Beds,1 Bath,2 Parking,,geelong-vic,-37.7629189,144.9092671
,,Under Application - Deposit Taken,"1302/557 Little Lonsdale St,",MELBOURNE VIC 3000,1 Bed,1 Bath,− Parking,,geelong-vic,-37.8109981,144.9628452
,,$450.00,"1/16 Regent Street,",BELMONT VIC 3216,2 Beds,1 Bath,1 Parking,,geelong-vic,-38.1736461,144.3453686
,,$420.00,"7/206 Wilsons Road,",WHITTINGTON VIC 3219,3 Beds,1 Bath,2 Parking,,geelong-vic,-38.1756433,144.3904768
,,$560.00,"41 Opal Drive,",LEOPOLD VIC 3224,4 Beds,2 Baths,2 Parking,,geelong-vic,-38.1932637,144.4761451
,,$430.00 per week,"14 Finchfield Lane,",BELMONT VIC 3216,3 Beds,2 Baths,2 Parking,,geelong-vic,-38.1903109,144.3276089
,,$440,"15 Kilgour Street,",GEELONG VIC 3220,2 Beds,1 Bath,2 Parking,,geelong-vic,-38.1541357,144.3530518
,,$730,"36 Geelong Road,",BANNOCKBURN VIC 3331,4 Beds,2 Baths,4 Parking,,geelong-vic,-38.0443848,144.1734915
,,$500 per week,"2/13 Hobson Street,",QUEENSCLIFF VIC 3225,3 Beds,2 Baths,1 Parking,,geelong-vic,-38.2661273,144.6585235
,,Under Application,"133 Nelson Rd,",BOX HILL NORTH VIC 3129,3 Beds,1 Bath,2 Parking,,geelong-vic,-37.8125881,145.1202218
,,$310.00,"2/178A Autumn Street,",GEELONG WEST VIC 3218,1 Bed,1 Bath,1 Parking,,geelong-vic,-38.1343,144.3241
,,UNDER APPLICATION,"4 Hilda Avenue,",OCEAN GROVE VIC 3226,3 Beds,1 Bath,− Parking,562m²,geelong-vic,-38.2578153,144.5193422
,,$430 weekly,"2/69-73 Gloucester Street,",GROVEDALE VIC 3216,2 Beds,1 Bath,1 Parking,,geelong-vic,-38.2335,144.3007
,,$530 per week,"2 Fraser Street,",QUEENSCLIFF VIC 3225,3 Beds,2 Baths,1 Parking,383m²,geelong-vic,-38.270667,144.6467902
,,$640,"295 Scenic Road,",HIGHTON VIC 3216,3 Beds,2 Baths,2 Parking,,geelong-vic,-38.1497469,144.3145114
,,$650 PW,"11 Bangalay Place,",POINT COOK VIC 3030,4 Beds,2 Baths,2 Parking,572m²,geelong-vic,-37.9030495,144.747281
,,$635,"24 Hardiman Circuit,",FYANSFORD VIC 3218,4 Beds,2 Baths,2 Parking,,geelong-vic,-38.1397395,144.3117587
,,$560.00,"38 Curtin Street,",BELL PARK VIC 3215,3 Beds,2 Baths,1 Parking,,geelong-vic,-38.1070299,144.335148
,,$570,"77 Normanby Street,",EAST GEELONG VIC 3219,3 Beds,1 Bath,2 Parking,,geelong-vic,-38.1576463,144.3728386
,,$530 per week,"701/6 Leicester Street,",CARLTON VIC 3053,2 Beds,1 Bath,− Parking,,geelong-vic,-37.802198,144.9607524
,,$540.00 per week,"1/14 Bridge Road,",BARWON HEADS VIC 3227,2 Beds,1 Bath,1 Parking,,geelong-vic,-38.2823376,144.4917008
,,$650 per week,"143a Grove Road,",GROVEDALE VIC 3216,4 Beds,2 Baths,4 Parking,,geelong-vic,-38.1928045,144.3397738
,,$530 per week,"38 Marimba Street,",LARA VIC 3212,3 Beds,2 Baths,2 Parking,372m²,geelong-vic,-38.0163822,144.3796326
,,$575,"7/428 Latrobe Terrace,",NEWTOWN VIC 3220,2 Beds,1 Bath,1 Parking,,geelong-vic,-38.1539,144.3351
,,$650.00,"2/5 Lansbury Crescent,",HIGHTON VIC 3216,3 Beds,2 Baths,3 Parking,,geelong-vic,-38.1641771,144.3134988
,,$450.00 per week,"1/32 Bonsey Road,",HIGHTON VIC 3216,2 Beds,1 Bath,1 Parking,,geelong-vic,-38.1804694,144.3145678
,,$520,"55 Centennial Blvd,",CURLEWIS VIC 3222,4 Beds,2 Baths,4 Parking,,geelong-vic,-38.1713525,144.5471366
,,$420.00,"1/16 Boundary Road,",EAST GEELONG VIC 3219,3 Beds,1 Bath,1 Parking,,geelong-vic,-38.1567351,144.3868744
,,$440 weekly,"1/6 Glastonbury Drive,",HIGHTON VIC 3216,2 Beds,1 Bath,2 Parking,,geelong-vic,-38.1905331,144.3197771
,,$500,"9 Kerala Street,",ROCKBANK VIC 3335,4 Beds,2 Baths,1 Parking,,geelong-vic,-37.7427695,144.6662207
,,$480 per week,"817 18-28 Albert Street,",FOOTSCRAY VIC 3011,2 Beds,1 Bath,1 Parking,,geelong-vic,-37.7995,144.8963
,,"$3,500 per week","28 Janelle Way,",OCEAN GROVE VIC 3226,3 Beds,2 Baths,4 Parking,600m²,geelong-vic,-38.2485008,144.5553815
,,$510,"46 Bluebottle Parade,",ROCKBANK VIC 3335,4 Beds,2 Baths,2 Parking,,geelong-vic,-37.7444148,144.6467109
,,***APPLICATIONS CLOSED - UNDER OFFER***,"4 Johnston Avenue,",NEWCOMB VIC 3219,3 Beds,1 Bath,1 Parking,,geelong-vic,-38.1677234,144.3889818
,,$520 per week,"83 Liston Street,",BELL POST HILL VIC 3215,3 Beds,1 Bath,2 Parking,,geelong-vic,-38.0993679,144.3265925
,,$575.00,"134 Minerva Road,",MANIFOLD HEIGHTS VIC 3218,3 Beds,2 Baths,1 Parking,,geelong-vic,-38.1408037,144.3298557
,,$335 per week,"235/386 Burwood Highway,",BURWOOD VIC 3125,1 Bed,1 Bath,− Parking,,geelong-vic,-37.8498,145.119
,,$525.00 per week,"7 Gymea Street,",MOUNT DUNEED VIC 3217,4 Beds,2 Baths,2 Parking,,geelong-vic,-38.2161462,144.3323231
,,$640 per week,"4/46 Percy Street,",NEWTOWN VIC 3220,3 Beds,2 Baths,2 Parking,,geelong-vic,-38.1577769,144.3418171
,,$570 per week,"2508/31 A'Beckett St,",MELBOURNE VIC 3000,1 Bed,1 Bath,1 Parking,,geelong-vic,-37.814,144.9633
,,$420 per week,"5/20 Trenton Parade,",ST ALBANS PARK VIC 3219,2 Beds,1 Bath,1 Parking,,geelong-vic,-38.1835595,144.3994215
,,$550,"15 Westbury Ave,",ROCKBANK VIC 3335,5 Beds,2 Baths,2 Parking,512m²,geelong-vic,-37.7420647,144.6662495
,,$450.00,"1/2 Upper Skene Street,",NEWTOWN VIC 3220,2 Beds,1 Bath,1 Parking,,geelong-vic,-38.1464465,144.3345555
